5.337978601455688477e-01,1.386788785457611084e-01,-3.782173395156860352e-01,5.359264016151428223e-01,1.263360530138015747e-01,-3.081611394882202148e-01,5.447116494178771973e-01,1.254588216543197632e-01,-3.082254528999328613e-01,5.535200238227844238e-01,1.246684342622756958e-01,-3.082391917705535889e-01,5.116481781005859375e-01,1.291961371898651123e-01,-3.265181481838226318e-01,5.013399720191955566e-01,1.303562074899673462e-01,-3.265447616577148438e-01,4.918594956398010254e-01,1.317019015550613403e-01,-3.268039226531982422e-01,5.467435717582702637e-01,1.128289625048637390e-01,-2.776712551712989807e-02,4.884014725685119629e-01,1.443924158811569214e-01,-5.519792437553405762e-02,5.511537790298461914e-01,1.538189351558685303e-01,-2.529704570770263672e-01,5.147231817245483398e-01,1.574597954750061035e-01,-2.786864042282104492e-01,6.117879748344421387e-01,2.172954082489013672e-01,2.429103665053844452e-02,4.642861485481262207e-01,2.205987721681594849e-01,-9.698235988616943359e-02,5.974150896072387695e-01,2.175926566123962402e-01,-3.351788818836212158e-01,4.119597375392913818e-01,1.886830478906631470e-01,-6.369586586952209473e-01,5.349898338317871094e-01,1.028303951025009155e-01,-6.639845967292785645e-01,4.643844664096832275e-01,9.369849413633346558e-02,-1.043756604194641113e+00,5.218270421028137207e-01,8.502029627561569214e-02,-7.727980613708496094e-01,4.751994311809539795e-01,6.722157448530197144e-02,-1.152775049209594727e+00,5.284868478775024414e-01,7.191573828458786011e-02,-7.032299637794494629e-01,4.758353829383850098e-01,6.353107094764709473e-02,-1.116474866867065430e+00,5.293218493461608887e-01,8.332753926515579224e-02,-6.716756820678710938e-01,4.752618670463562012e-01,7.422143965959548950e-02,-1.045271515846252441e+00,6.034333109855651855e-01,4.412424564361572266e-01,3.163548884913325310e-03,4.929585456848144531e-01,4.411507248878479004e-01,-3.555824747309088707e-03,6.216170191764831543e-01,5.968538522720336914e-01,-5.329885333776473999e-02,4.967561662197113037e-01,5.953703522682189941e-01,4.527966305613517761e-02,6.914256811141967773e-01,7.624788880348205566e-01,2.108092606067657471e-01,4.903931021690368652e-01,7.573608160018920898e-01,4.225101172924041748e-01,7.032852768898010254e-01,7.815350890159606934e-01,2.155302464962005615e-01,5.090571045875549316e-01,7.732957005500793457e-01,4.442309141159057617e-01,6.838159561157226562e-01,8.213217854499816895e-01,-1.070055887103080750e-01,4.614301919937133789e-01,8.202130198478698730e-01,1.445404142141342163e-01
5.327693223953247070e-01,1.521993875503540039e-01,-4.154381155967712402e-01,5.382723212242126465e-01,1.397705525159835815e-01,-3.378482460975646973e-01,5.471501946449279785e-01,1.391971856355667114e-01,-3.379662930965423584e-01,5.524576902389526367e-01,1.412151455879211426e-01,-3.379914760589599609e-01,5.123990178108215332e-01,1.417928487062454224e-01,-3.587880134582519531e-01,5.020800232887268066e-01,1.426278501749038696e-01,-3.587539196014404297e-01,4.919667541980743408e-01,1.434890925884246826e-01,-3.589367270469665527e-01,5.469587445259094238e-01,1.461468487977981567e-01,-1.005578339099884033e-01,4.871014356613159180e-01,1.552089601755142212e-01,-6.765715777873992920e-02,5.481778979301452637e-01,1.751033514738082886e-01,-2.763212919235229492e-01,5.146706700325012207e-01,1.789491176605224609e-01,-3.125688433647155762e-01,6.083111166954040527e-01,2.226568311452865601e-01,-1.064097657799720764e-01,4.576394855976104736e-01,2.279673069715499878e-01,-1.004446893930435181e-01,5.904250144958496094e-01,2.122872024774551392e-01,-5.407882928848266602e-01,4.262329339981079102e-01,1.909320801496505737e-01,-6.336178779602050781e-01,5.244318842887878418e-01,1.027491465210914612e-01,-9.000633955001831055e-01,4.704640507698059082e-01,9.751037508249282837e-02,-1.097753286361694336e+00,5.157573223114013672e-01,7.247948646545410156e-02,-1.004089474678039551e+00,4.795290529727935791e-01,6.857722252607345581e-02,-1.217244386672973633e+00,5.210245847702026367e-01,6.664007157087326050e-02,-9.693794846534729004e-01,4.794166982173919678e-01,6.501334160566329956e-02,-1.188201189041137695e+00,5.223519802093505859e-01,6.873559206724166870e-02,-9.027816057205200195e-01,4.780857861042022705e-01,7.650867104530334473e-02,-1.106145501136779785e+00,6.003435254096984863e-01,4.499903023242950439e-01,-2.322765253484249115e-02,4.907543361186981201e-01,4.490980803966522217e-01,2.293364517390727997e-02,6.214082837104797363e-01,6.010628938674926758e-01,-6.402292102575302124e-02,4.975675940513610840e-01,5.967448353767395020e-01,8.068783581256866455e-02,6.922916173934936523e-01,7.633347511291503906e-01,2.397225350141525269e-01,4.891746938228607178e-01,7.543611526489257812e-01,4.842399656772613525e-01,7.014930248260498047e-01,7.826771736145019531e-01,2.513319849967956543e-01,5.067675113677978516e-01,7.736970186233520508e-01,5.086464285850524902e-01,6.841531991958618164e-01,8.182381391525268555e-01,-1.024411469697952271e-01,4.613981246948242188e-01,8.166691064834594727e-01,2.188774347305297852e-01
5.491289496421813965e-01,1.672022193670272827e-01,-3.515809178352355957e-01,5.386434793472290039e-01,1.607975661754608154e-01,-3.134303689002990723e-01,5.463065505027770996e-01,1.598699986934661865e-01,-3.135920763015747070e-01,5.502211451530456543e-01,1.589794903993606567e-01,-3.137325644493103027e-01,5.260089635848999023e-01,1.615926623344421387e-01,-3.564437925815582275e-01,5.217266082763671875e-01,1.613953858613967896e-01,-3.564580380916595459e-01,5.175988674163818359e-01,1.609263420104980469e-01,-3.566435277462005615e-01,5.413746237754821777e-01,1.602615565061569214e-01,-1.101117059588432312e-01,5.073644518852233887e-01,1.660052835941314697e-01,-2.508687078952789307e-01,5.475745201110839844e-01,1.838216036558151245e-01,-2.537823021411895752e-01,5.307136178016662598e-01,1.851882338523864746e-01,-3.101749122142791748e-01,5.840884447097778320e-01,2.165606468915939331e-01,-7.962010055780410767e-02,4.828927814960479736e-01,2.265952229499816895e-01,-3.498242497444152832e-01,5.328773856163024902e-01,1.634845435619354248e-01,-4.383273124694824219e-01,4.802461564540863037e-01,1.597227901220321655e-01,-9.576297402381896973e-01,5.147539973258972168e-01,7.800043374300003052e-02,-8.160830736160278320e-01,4.873713254928588867e-01,6.974273175001144409e-02,-1.459679961204528809e+00,5.087510347366333008e-01,5.003736540675163269e-02,-9.237027168273925781e-01,4.830045998096466064e-01,3.943280130624771118e-02,-1.606764554977416992e+00,5.127246379852294922e-01,4.849045351147651672e-02,-9.274620413780212402e-01,4.809892475605010986e-01,4.344470798969268799e-02,-1.576858282089233398e+00,5.163370966911315918e-01,5.399712175130844116e-02,-8.376483917236328125e-01,4.826945960521697998e-01,5.066441744565963745e-02,-1.469467163085937500e+00,5.865733623504638672e-01,4.358112514019012451e-01,4.735182225704193115e-02,5.126967430114746094e-01,4.368466138839721680e-01,-4.765506833791732788e-02,6.209995746612548828e-01,5.739250183105468750e-01,-3.705634176731109619e-02,5.689339041709899902e-01,5.772402882575988770e-01,-7.421619445085525513e-02,6.711090803146362305e-01,7.464730143547058105e-01,2.874985933303833008e-01,5.420451760292053223e-01,7.461541295051574707e-01,2.333468794822692871e-01,6.781181693077087402e-01,7.637065052986145020e-01,3.046519458293914795e-01,5.430366992950439453e-01,7.590283155441284180e-01,2.508511245250701904e-01,6.726241111755371094e-01,7.949073314666748047e-01,3.863763064146041870e-02,5.750617980957031250e-01,8.020600080490112305e-01,-2.640083618462085724e-02
5.489015579223632812e-01,1.809129416942596436e-01,-3.545601367950439453e-01,5.340911149978637695e-01,1.702629625797271729e-01,-3.265730738639831543e-01,5.374143123626708984e-01,1.689349412918090820e-01,-3.267208635807037354e-01,5.392084121704101562e-01,1.672324389219284058e-01,-3.268368840217590332e-01,5.247588157653808594e-01,1.716013550758361816e-01,-3.715881705284118652e-01,5.194039344787597656e-01,1.712955832481384277e-01,-3.715416491031646729e-01,5.151047706604003906e-01,1.705657243728637695e-01,-3.717559278011322021e-01,5.326763391494750977e-01,1.667889654636383057e-01,-1.462990492582321167e-01,5.070368647575378418e-01,1.732452064752578735e-01,-3.359600901603698730e-01,5.443725585937500000e-01,1.917110383510589600e-01,-2.728628516197204590e-01,5.288214087486267090e-01,1.933552175760269165e-01,-3.256829977035522461e-01,5.726767182350158691e-01,2.172021418809890747e-01,-1.341198831796646118e-01,4.830231666564941406e-01,2.220178246498107910e-01,-4.285661876201629639e-01,5.213850736618041992e-01,1.581722795963287354e-01,-4.588717222213745117e-01,5.058934092521667480e-01,1.551081240177154541e-01,-9.857174158096313477e-01,5.037711262702941895e-01,6.447751075029373169e-02,-8.361077904701232910e-01,4.908108413219451904e-01,6.496863812208175659e-02,-1.442065000534057617e+00,4.911524951457977295e-01,4.067678749561309814e-02,-9.447784423828125000e-01,4.880186021327972412e-01,4.049424082040786743e-02,-1.583236932754516602e+00,4.951840639114379883e-01,4.065791890025138855e-02,-9.529047608375549316e-01,4.845350682735443115e-01,3.905182331800460815e-02,-1.553815364837646484e+00,4.990524351596832275e-01,4.753227531909942627e-02,-8.604890108108520508e-01,4.840083122253417969e-01,4.603250697255134583e-02,-1.450624942779541016e+00,5.873692631721496582e-01,4.370920062065124512e-01,4.955263063311576843e-02,5.193103551864624023e-01,4.382745325565338135e-01,-4.985291138291358948e-02,6.211524605751037598e-01,5.715760588645935059e-01,-4.239853098988533020e-02,5.626593232154846191e-01,5.684677958488464355e-01,-3.505567833781242371e-02,6.708404421806335449e-01,7.418681979179382324e-01,3.114266693592071533e-01,5.339190959930419922e-01,7.366373538970947266e-01,3.093698024749755859e-01,6.794005632400512695e-01,7.593588829040527344e-01,3.340573608875274658e-01,5.615150332450866699e-01,7.307971119880676270e-01,3.326986432075500488e-01,6.709021925926208496e-01,7.911524176597595215e-01,1.005004271864891052e-01,5.781953930854797363e-01,7.737193703651428223e-01,9.235711395740509033e-02
5.442280173301696777e-01,1.887810379266738892e-01,-2.700239419937133789e-01,5.349767208099365234e-01,1.776259839534759521e-01,-2.370361238718032837e-01,5.379822850227355957e-01,1.765579432249069214e-01,-2.371672689914703369e-01,5.399495363235473633e-01,1.753814667463302612e-01,-2.372902482748031616e-01,5.267264842987060547e-01,1.794487833976745605e-01,-2.352805882692337036e-01,5.229744911193847656e-01,1.790790259838104248e-01,-2.352537810802459717e-01,5.193669795989990234e-01,1.787009984254837036e-01,-2.354072779417037964e-01,5.357034206390380859e-01,1.763886213302612305e-01,-4.995641857385635376e-02,5.146775245666503906e-01,1.817206591367721558e-01,-3.349684923887252808e-02,5.450848937034606934e-01,1.971004009246826172e-01,-1.954373866319656372e-01,5.320695638656616211e-01,1.978650838136672974e-01,-1.928463876247406006e-01,5.812135934829711914e-01,2.180503308773040771e-01,-1.404873132705688477e-01,4.856217801570892334e-01,2.295752018690109253e-01,-7.083237916231155396e-02,5.259577035903930664e-01,1.499894261360168457e-01,-5.952490568161010742e-01,4.953694343566894531e-01,1.526205539703369141e-01,-5.542979836463928223e-01,5.030838251113891602e-01,6.210909783840179443e-02,-9.281881451606750488e-01,5.002558231353759766e-01,5.965618789196014404e-02,-8.941068649291992188e-01,4.904585480690002441e-01,4.242053627967834473e-02,-1.039120078086853027e+00,4.946530461311340332e-01,4.106652736663818359e-02,-9.975771307945251465e-01,4.949998855590820312e-01,4.058827832341194153e-02,-1.014102578163146973e+00,4.894104003906250000e-01,3.849570453166961670e-02,-9.927071332931518555e-01,4.987151622772216797e-01,4.797416925430297852e-02,-9.356345534324645996e-01,4.911213517189025879e-01,4.557047411799430847e-02,-9.130158424377441406e-01,5.896375179290771484e-01,4.374845027923583984e-01,7.280732970684766769e-03,5.127907395362854004e-01,4.356523752212524414e-01,-7.758168503642082214e-03,6.185602545738220215e-01,5.751271843910217285e-01,-1.411771774291992188e-01,5.337308645248413086e-01,5.835932493209838867e-01,2.416692115366458893e-02,6.674780249595642090e-01,7.378093004226684570e-01,2.550898790359497070e-01,5.198017358779907227e-01,7.266069054603576660e-01,4.004641771316528320e-01,6.743754148483276367e-01,7.518127560615539551e-01,2.872359454631805420e-01,5.434291958808898926e-01,7.350575327873229980e-01,4.230180084705352783e-01,6.581851840019226074e-01,7.896227836608886719e-01,4.999929666519165039e-02,5.442576408386230469e-01,7.762113213539123535e-01,1.741258203983306885e-01
5.416198968887329102e-01,1.891943663358688354e-01,-2.648314833641052246e-01,5.354613661766052246e-01,1.782372891902923584e-01,-2.313973754644393921e-01,5.383085012435913086e-01,1.772234141826629639e-01,-2.315252125263214111e-01,5.403882861137390137e-01,1.761626005172729492e-01,-2.316477000713348389e-01,5.275441408157348633e-01,1.795651316642761230e-01,-2.274244427680969238e-01,5.243830084800720215e-01,1.791878342628479004e-01,-2.274005860090255737e-01,5.214002132415771484e-01,1.788333058357238770e-01,-2.275801002979278564e-01,5.376167893409729004e-01,1.776856780052185059e-01,-4.209663346409797668e-02,5.174506902694702148e-01,1.824964433908462524e-01,-2.038078568875789642e-02,5.452600717544555664e-01,1.961669921875000000e-01,-1.904173791408538818e-01,5.331950187683105469e-01,1.966336667537689209e-01,-1.853562444448471069e-01,5.854983925819396973e-01,2.163309007883071899e-01,-1.328997313976287842e-01,4.863441884517669678e-01,2.276330292224884033e-01,-5.704711750149726868e-02,5.282250046730041504e-01,1.488904356956481934e-01,-5.926472544670104980e-01,4.915111362934112549e-01,1.513923853635787964e-01,-5.404933691024780273e-01,5.032789707183837891e-01,6.016661971807479858e-02,-9.223856329917907715e-01,5.011104941368103027e-01,5.847766250371932983e-02,-8.965310454368591309e-01,4.907675683498382568e-01,4.173049330711364746e-02,-1.033581972122192383e+00,4.955504238605499268e-01,4.048704728484153748e-02,-1.002893209457397461e+00,4.948942959308624268e-01,3.986072540283203125e-02,-1.010219216346740723e+00,4.905512630939483643e-01,3.786761686205863953e-02,-9.925016164779663086e-01,4.987854957580566406e-01,4.694999009370803833e-02,-9.304375052452087402e-01,4.926929771900177002e-01,4.479620978236198425e-02,-9.130953550338745117e-01,5.901825428009033203e-01,4.368300139904022217e-01,6.538206944242119789e-04,5.092409849166870117e-01,4.347282052040100098e-01,-9.231595322489738464e-04,6.198258996009826660e-01,5.722187161445617676e-01,-1.786676198244094849e-01,5.117368102073669434e-01,5.872869491577148438e-01,-4.361397714092163369e-06,6.687861084938049316e-01,7.372090816497802734e-01,2.450398355722427368e-01,5.090633630752563477e-01,7.255017161369323730e-01,4.280821084976196289e-01,6.745867729187011719e-01,7.512009143829345703e-01,2.853423058986663818e-01,5.250365734100341797e-01,7.343488931655883789e-01,4.522641599178314209e-01,6.572048664093017578e-01,7.887271046638488770e-01,4.646639525890350342e-02,5.165055990219116211e-01,7.759659290313720703e-01,2.077931016683578491e-01
5.404145121574401855e-01,1.917080134153366089e-01,-2.444327324628829956e-01,5.378127694129943848e-01,1.799688488245010376e-01,-2.062180936336517334e-01,5.412452220916748047e-01,1.788444668054580688e-01,-2.062929272651672363e-01,5.444822311401367188e-01,1.776946783065795898e-01,-2.063742130994796753e-01,5.285313129425048828e-01,1.812889575958251953e-01,-1.989733874797821045e-01,5.252623558044433594e-01,1.808183193206787109e-01,-1.989635676145553589e-01,5.217851996421813965e-01,1.803540438413619995e-01,-1.991042345762252808e-01,5.461165904998779297e-01,1.800263077020645142e-01,-9.234286844730377197e-03,5.172470211982727051e-01,1.848095506429672241e-01,2.892566658556461334e-02,5.472548604011535645e-01,1.990848332643508911e-01,-1.691779345273971558e-01,5.344071388244628906e-01,1.995131373405456543e-01,-1.591977179050445557e-01,5.878237485885620117e-01,2.151199132204055786e-01,-8.973225951194763184e-02,4.863497614860534668e-01,2.277470380067825317e-01,-6.951787509024143219e-03,5.386844873428344727e-01,1.404923647642135620e-01,-5.372048020362854004e-01,4.845432043075561523e-01,1.514660269021987915e-01,-4.399871826171875000e-01,5.141373872756958008e-01,6.114283949136734009e-02,-8.757553100585937500e-01,4.963516592979431152e-01,6.106557324528694153e-02,-7.647606730461120605e-01,5.031658411026000977e-01,4.221686348319053650e-02,-9.563730955123901367e-01,4.935867488384246826e-01,4.087270423769950867e-02,-8.667637109756469727e-01,5.046452283859252930e-01,4.170327633619308472e-02,-9.459412693977355957e-01,4.907847642898559570e-01,3.845446556806564331e-02,-8.517461419105529785e-01,5.075822472572326660e-01,4.803466051816940308e-02,-8.804591894149780273e-01,4.924301207065582275e-01,4.536321386694908142e-02,-7.774147391319274902e-01,5.917885303497314453e-01,4.339689910411834717e-01,-7.359398994594812393e-03,5.043442845344543457e-01,4.336645901203155518e-01,7.099513895809650421e-03,6.192620992660522461e-01,5.705942511558532715e-01,-1.684218496084213257e-01,5.038199424743652344e-01,5.676643848419189453e-01,-1.093135098926723003e-03,6.616490483283996582e-01,7.299892902374267578e-01,2.174929082393646240e-01,5.009241104125976562e-01,7.183663845062255859e-01,4.139922857284545898e-01,6.661960482597351074e-01,7.435759305953979492e-01,2.472068667411804199e-01,5.152698159217834473e-01,7.318625450134277344e-01,4.418305456638336182e-01,6.463618874549865723e-01,7.819670438766479492e-01,-2.660756371915340424e-02,4.877221882343292236e-01,7.751469612121582031e-01,1.987346559762954712e-01
5.393851399421691895e-01,1.920817494392395020e-01,-2.362090051174163818e-01,5.384978652000427246e-01,1.797149628400802612e-01,-2.000466436147689819e-01,5.423747897148132324e-01,1.784936487674713135e-01,-2.001283019781112671e-01,5.462990999221801758e-01,1.772674173116683960e-01,-2.002122700214385986e-01,5.282986760139465332e-01,1.810471266508102417e-01,-1.888781040906906128e-01,5.249093770980834961e-01,1.805042028427124023e-01,-1.888747215270996094e-01,5.212543606758117676e-01,1.799793541431427002e-01,-1.890164315700531006e-01,5.507929325103759766e-01,1.795322895050048828e-01,-1.137937419116497040e-02,5.167586207389831543e-01,1.842175126075744629e-01,4.456557705998420715e-02,5.476918220520019531e-01,1.992678344249725342e-01,-1.639987826347351074e-01,5.342026948928833008e-01,1.996983289718627930e-01,-1.489222198724746704e-01,5.928297042846679688e-01,2.146396338939666748e-01,-9.709354490041732788e-02,4.862603247165679932e-01,2.276090979576110840e-01,2.354382723569869995e-02,5.443372130393981934e-01,1.396532505750656128e-01,-5.339576601982116699e-01,4.807195663452148438e-01,1.510663181543350220e-01,-3.807862699031829834e-01,5.180259346961975098e-01,6.017158553004264832e-02,-8.401996493339538574e-01,4.937324523925781250e-01,6.086103618144989014e-02,-7.055692672729492188e-01,5.079832673072814941e-01,4.139902815222740173e-02,-9.280103445053100586e-01,4.908874332904815674e-01,4.008076712489128113e-02,-8.060220479965209961e-01,5.082390904426574707e-01,4.082173109054565430e-02,-9.135974049568176270e-01,4.902446269989013672e-01,3.779316693544387817e-02,-7.916726469993591309e-01,5.111258625984191895e-01,4.707510769367218018e-02,-8.459450602531433105e-01,4.919748902320861816e-01,4.465085640549659729e-02,-7.187560200691223145e-01,5.925697684288024902e-01,4.345260262489318848e-01,-2.878851629793643951e-02,5.030359029769897461e-01,4.344651699066162109e-01,2.855817787349224091e-02,6.194363236427307129e-01,5.699696540832519531e-01,-1.802786290645599365e-01,5.003479123115539551e-01,5.609990954399108887e-01,1.500829588621854782e-03,6.604724526405334473e-01,7.285335659980773926e-01,2.005773782730102539e-01,4.956239461898803711e-01,7.155423760414123535e-01,4.186131656169891357e-01,6.639482975006103516e-01,7.432195544242858887e-01,2.267894744873046875e-01,5.113526582717895508e-01,7.299732565879821777e-01,4.478889405727386475e-01,6.453543901443481445e-01,7.795399427413940430e-01,-4.942129179835319519e-02,4.674937427043914795e-01,7.763842344284057617e-01,2.108764499425888062e-01
5.393807291984558105e-01,1.812533289194107056e-01,-1.156452968716621399e-01,5.407879948616027832e-01,1.691848188638687134e-01,-6.744579970836639404e-02,5.450615286827087402e-01,1.681126505136489868e-01,-6.739726662635803223e-02,5.495412945747375488e-01,1.670975983142852783e-01,-6.744526326656341553e-02,5.296973586082458496e-01,1.707464754581451416e-01,-5.768115445971488953e-02,5.262236595153808594e-01,1.705860346555709839e-01,-5.773026868700981140e-02,5.224970579147338867e-01,1.705078780651092529e-01,-5.787002667784690857e-02,5.550167560577392578e-01,1.713203042745590210e-01,1.307242512702941895e-01,5.175870060920715332e-01,1.758305877447128296e-01,1.830183565616607666e-01,5.493687987327575684e-01,1.898467093706130981e-01,-4.506433010101318359e-02,5.354480743408203125e-01,1.905462294816970825e-01,-3.115057013928890228e-02,6.013512015342712402e-01,2.123333066701889038e-01,8.805944025516510010e-02,4.854164719581604004e-01,2.241986244916915894e-01,1.687808781862258911e-01,5.556233525276184082e-01,1.295211762189865112e-01,-5.388174206018447876e-02,4.677452445030212402e-01,1.385478079319000244e-01,-3.984096925705671310e-03,5.204756855964660645e-01,5.292073264718055725e-02,-2.460628561675548553e-02,4.980303645133972168e-01,5.211316049098968506e-02,-2.346608974039554596e-02,5.144520998001098633e-01,3.514200448989868164e-02,-8.491972833871841431e-02,5.029847025871276855e-01,3.353780508041381836e-02,-1.042203977704048157e-01,5.145414471626281738e-01,3.471412509679794312e-02,-7.764815539121627808e-02,5.028557777404785156e-01,3.118152171373367310e-02,-7.935240864753723145e-02,5.155934691429138184e-01,4.259004443883895874e-02,-3.239315375685691833e-02,5.022001266479492188e-01,3.876351937651634216e-02,-3.012010641396045685e-02,5.933207273483276367e-01,4.288756549358367920e-01,-3.008426353335380554e-02,4.981490075588226318e-01,4.296436309814453125e-01,3.001346439123153687e-02,6.161394119262695312e-01,5.664934515953063965e-01,-1.648449748754501343e-01,4.923614561557769775e-01,5.597057938575744629e-01,-8.044773712754249573e-04,6.505340337753295898e-01,7.204766869544982910e-01,2.468110769987106323e-01,4.896809756755828857e-01,7.133437395095825195e-01,4.194561839103698730e-01,6.499659419059753418e-01,7.359625697135925293e-01,2.731945216655731201e-01,5.048840641975402832e-01,7.284091114997863770e-01,4.494981467723846436e-01,6.362405419349670410e-01,7.726550102233886719e-01,-1.271220296621322632e-02,4.507736563682556152e-01,7.757418751716613770e-01,2.060798108577728271e-01
5.391246676445007324e-01,1.835508048534393311e-01,-1.401612758636474609e-01,5.417893528938293457e-01,1.709239929914474487e-01,-9.483020007610321045e-02,5.462931394577026367e-01,1.698674261569976807e-01,-9.480781853199005127e-02,5.510737299919128418e-01,1.688935160636901855e-01,-9.486167132854461670e-02,5.303110480308532715e-01,1.724970936775207520e-01,-8.479016274213790894e-02,5.268169045448303223e-01,1.723439395427703857e-01,-8.482243865728378296e-02,5.230091214179992676e-01,1.722916811704635620e-01,-8.497995883226394653e-02,5.573511719703674316e-01,1.736004948616027832e-01,9.720169007778167725e-02,5.177584886550903320e-01,1.784844696521759033e-01,1.508238315582275391e-01,5.498365163803100586e-01,1.911906301975250244e-01,-7.072242349386215210e-02,5.356685519218444824e-01,1.926333457231521606e-01,-5.659910291433334351e-02,6.027724742889404297e-01,2.124887108802795410e-01,5.289611965417861938e-02,4.848800599575042725e-01,2.254084348678588867e-01,1.442023217678070068e-01,5.563768744468688965e-01,1.312011033296585083e-01,-9.412983804941177368e-02,4.580458998680114746e-01,1.400445550680160522e-01,-2.546476572751998901e-02,5.214830636978149414e-01,5.291941016912460327e-02,-8.184611052274703979e-02,4.993883967399597168e-01,5.420890077948570251e-02,-5.566031858325004578e-02,5.173669457435607910e-01,3.414411470293998718e-02,-1.446201056241989136e-01,5.066750049591064453e-01,3.493262082338333130e-02,-1.339301466941833496e-01,5.184186100959777832e-01,3.358896821737289429e-02,-1.382593661546707153e-01,5.069178938865661621e-01,3.220988437533378601e-02,-1.133085265755653381e-01,5.187292098999023438e-01,4.199675843119621277e-02,-9.008993953466415405e-02,5.057625174522399902e-01,3.908918425440788269e-02,-6.299561262130737305e-02,5.939560532569885254e-01,4.284022748470306396e-01,-3.476509824395179749e-02,4.970796704292297363e-01,4.297888576984405518e-01,3.476033732295036316e-02,6.164032816886901855e-01,5.661184191703796387e-01,-1.627561300992965698e-01,4.939839243888854980e-01,5.596863627433776855e-01,9.102362208068370819e-03,6.505240201950073242e-01,7.181385159492492676e-01,2.452459186315536499e-01,4.888418614864349365e-01,7.126554846763610840e-01,4.144636988639831543e-01,6.519177556037902832e-01,7.325260639190673828e-01,2.698889374732971191e-01,5.045673251152038574e-01,7.275136709213256836e-01,4.432949721813201904e-01,6.345799565315246582e-01,7.727739214897155762e-01,-1.400744915008544922e-02,4.505493640899658203e-01,7.756788730621337891e-01,2.014609426259994507e-01
5.388736724853515625e-01,1.838402599096298218e-01,-1.744581907987594604e-01,5.421314239501953125e-01,1.710018813610076904e-01,-1.312324702739715576e-01,5.467107892036437988e-01,1.700059920549392700e-01,-1.312166154384613037e-01,5.515568256378173828e-01,1.691030263900756836e-01,-1.312635689973831177e-01,5.306417346000671387e-01,1.724529266357421875e-01,-1.224711611866950989e-01,5.272533893585205078e-01,1.722837686538696289e-01,-1.224996671080589294e-01,5.235755443572998047e-01,1.722486019134521484e-01,-1.226650550961494446e-01,5.588200092315673828e-01,1.739619076251983643e-01,5.824077874422073364e-02,5.184064507484436035e-01,1.787878721952438354e-01,1.049839258193969727e-01,5.499706864356994629e-01,1.910091191530227661e-01,-1.053937450051307678e-01,5.360364317893981934e-01,1.924302130937576294e-01,-9.296834468841552734e-02,6.034339070320129395e-01,2.141383588314056396e-01,1.674186438322067261e-02,4.847783446311950684e-01,2.246607393026351929e-01,9.454438090324401855e-02,5.609055161476135254e-01,1.284574568271636963e-01,-1.553685069084167480e-01,4.527509510517120361e-01,1.370949298143386841e-01,-1.014242991805076599e-01,5.288771390914916992e-01,5.040337517857551575e-02,-1.921873241662979126e-01,5.021290183067321777e-01,5.330699309706687927e-02,-1.530826985836029053e-01,5.246496200561523438e-01,3.245097771286964417e-02,-2.641923427581787109e-01,5.118933916091918945e-01,3.384074196219444275e-02,-2.314132153987884521e-01,5.257396697998046875e-01,3.145765885710716248e-02,-2.572031617164611816e-01,5.131807327270507812e-01,3.093154542148113251e-02,-2.134892940521240234e-01,5.260264873504638672e-01,3.942111507058143616e-02,-2.017918527126312256e-01,5.115159749984741211e-01,3.783063963055610657e-02,-1.601168662309646606e-01,5.912690162658691406e-01,4.258023798465728760e-01,-4.039329290390014648e-02,4.939778745174407959e-01,4.269094169139862061e-01,4.045175388455390930e-02,6.070091724395751953e-01,5.629891157150268555e-01,-1.512502729892730713e-01,4.914640784263610840e-01,5.587374567985534668e-01,4.275609925389289856e-02,6.357868313789367676e-01,7.171329855918884277e-01,2.154013961553573608e-01,4.856783449649810791e-01,7.087436914443969727e-01,4.174719154834747314e-01,6.335047483444213867e-01,7.333972454071044922e-01,2.339142411947250366e-01,5.012693405151367188e-01,7.238901853561401367e-01,4.479017853736877441e-01,6.238628029823303223e-01,7.714279890060424805e-01,-4.760976135730743408e-02,4.512273669242858887e-01,7.705225348472595215e-01,2.019446790218353271e-01
5.383569002151489258e-01,1.841613054275512695e-01,-1.628345549106597900e-01,5.420926213264465332e-01,1.710952371358871460e-01,-1.203822642564773560e-01,5.466513037681579590e-01,1.700935065746307373e-01,-1.203663200139999390e-01,5.514623522758483887e-01,1.691807955503463745e-01,-1.204011067748069763e-01,5.303360819816589355e-01,1.724807918071746826e-01,-1.110664680600166321e-01,5.268981456756591797e-01,1.722853183746337891e-01,-1.110968515276908875e-01,5.232719182968139648e-01,1.722407341003417969e-01,-1.112507283687591553e-01,5.585560798645019531e-01,1.730564981698989868e-01,6.382695585489273071e-02,5.181871056556701660e-01,1.787328869104385376e-01,1.134293898940086365e-01,5.496941208839416504e-01,1.910333931446075439e-01,-9.562720358371734619e-02,5.357273221015930176e-01,1.920855045318603516e-01,-8.253452926874160767e-02,6.035295724868774414e-01,2.142418920993804932e-01,1.608781516551971436e-02,4.846438765525817871e-01,2.240484505891799927e-01,1.131268367171287537e-01,5.606725811958312988e-01,1.278603971004486084e-01,-1.465278416872024536e-01,4.495885968208312988e-01,1.365192532539367676e-01,-6.072467565536499023e-02,5.304956436157226562e-01,5.075955390930175781e-02,-1.668153852224349976e-01,5.034842491149902344e-01,5.330131575465202332e-02,-1.065382659435272217e-01,5.263041257858276367e-01,3.290547057986259460e-02,-2.354020476341247559e-01,5.138646960258483887e-01,3.418989479541778564e-02,-1.815523803234100342e-01,5.276317596435546875e-01,3.190171718597412109e-02,-2.292851954698562622e-01,5.152962803840637207e-01,3.135504946112632751e-02,-1.666103452444076538e-01,5.279420018196105957e-01,4.002967476844787598e-02,-1.759415566921234131e-01,5.135424137115478516e-01,3.816816955804824829e-02,-1.144712865352630615e-01,5.915273427963256836e-01,4.241409301757812500e-01,-5.396402254700660706e-02,4.943323135375976562e-01,4.243820607662200928e-01,5.402554199099540710e-02,6.057510972023010254e-01,5.617655515670776367e-01,-1.237890720367431641e-01,4.928005039691925049e-01,5.561136603355407715e-01,6.112556532025337219e-02,6.366657614707946777e-01,7.177435755729675293e-01,1.911671608686447144e-01,4.863029420375823975e-01,7.100605964660644531e-01,3.986034989356994629e-01,6.368216276168823242e-01,7.339158654212951660e-01,2.046493291854858398e-01,5.024475455284118652e-01,7.247177362442016602e-01,4.201670587062835693e-01,6.190673708915710449e-01,7.727942466735839844e-01,-7.686022669076919556e-02,4.520003795623779297e-01,7.709277868270874023e-01,1.882483810186386108e-01
5.381587147712707520e-01,1.850959956645965576e-01,-1.799822300672531128e-01,5.423100590705871582e-01,1.722181439399719238e-01,-1.387584507465362549e-01,5.470209121704101562e-01,1.712490916252136230e-01,-1.387503147125244141e-01,5.519819259643554688e-01,1.703800261020660400e-01,-1.387799680233001709e-01,5.303701162338256836e-01,1.736290454864501953e-01,-1.270588636398315430e-01,5.269063115119934082e-01,1.734658628702163696e-01,-1.270666271448135376e-01,5.233542919158935547e-01,1.734464615583419800e-01,-1.272024363279342651e-01,5.596712827682495117e-01,1.742214858531951904e-01,4.178594797849655151e-02,5.181614160537719727e-01,1.800005435943603516e-01,1.035473272204399109e-01,5.495412349700927734e-01,1.923546344041824341e-01,-1.138902381062507629e-01,5.354737043380737305e-01,1.933033466339111328e-01,-9.789758175611495972e-02,6.066244244575500488e-01,2.170455008745193481e-01,-1.394448685459792614e-03,4.845737218856811523e-01,2.263799756765365601e-01,1.170732229948043823e-01,5.661078691482543945e-01,1.331485360860824585e-01,-2.327915430068969727e-01,4.465559720993041992e-01,1.411859393119812012e-01,-5.916603282094001770e-02,5.405763983726501465e-01,5.266074463725090027e-02,-3.190053403377532959e-01,5.018243789672851562e-01,5.735642835497856140e-02,-1.321071088314056396e-01,5.329084992408752441e-01,3.384752571582794189e-02,-3.990057408809661865e-01,5.116056203842163086e-01,3.689293935894966125e-02,-2.092515826225280762e-01,5.326500535011291504e-01,3.348996490240097046e-02,-3.913486003875732422e-01,5.131099820137023926e-01,3.427370265126228333e-02,-1.960111111402511597e-01,5.343587398529052734e-01,4.050886631011962891e-02,-3.287863135337829590e-01,5.119220018386840820e-01,4.177926853299140930e-02,-1.417894959449768066e-01,5.904633402824401855e-01,4.256155788898468018e-01,-7.583598047494888306e-02,4.919891655445098877e-01,4.265939295291900635e-01,7.585925608873367310e-02,5.991505980491638184e-01,5.619021058082580566e-01,-1.072172820568084717e-01,4.856478869915008545e-01,5.592218041419982910e-01,1.030228808522224426e-01,6.334487795829772949e-01,7.175272107124328613e-01,1.794237643480300903e-01,4.850421547889709473e-01,7.124857902526855469e-01,4.068504273891448975e-01,6.349676251411437988e-01,7.335668206214904785e-01,1.900566369295120239e-01,5.030132532119750977e-01,7.272121310234069824e-01,4.269680678844451904e-01,6.120053529739379883e-01,7.754579186439514160e-01,-9.876494109630584717e-02,4.406927227973937988e-01,7.735440135002136230e-01,1.958238035440444946e-01
5.379965901374816895e-01,1.853961795568466187e-01,-1.854413002729415894e-01,5.424998998641967773e-01,1.725545823574066162e-01,-1.441940069198608398e-01,5.473488569259643555e-01,1.715901941061019897e-01,-1.441859155893325806e-01,5.524438023567199707e-01,1.707454621791839600e-01,-1.442001760005950928e-01,5.303400158882141113e-01,1.740802079439163208e-01,-1.318357288837432861e-01,5.268296599388122559e-01,1.739798188209533691e-01,-1.318341642618179321e-01,5.232863426208496094e-01,1.740169823169708252e-01,-1.319618374109268188e-01,5.604008436203002930e-01,1.751337647438049316e-01,3.418487682938575745e-02,5.179995298385620117e-01,1.807660311460494995e-01,9.916130453348159790e-02,5.494418740272521973e-01,1.927895843982696533e-01,-1.203604191541671753e-01,5.352858304977416992e-01,1.937345117330551147e-01,-1.031915545463562012e-01,6.088863015174865723e-01,2.184563130140304565e-01,-3.215012606233358383e-03,4.842570424079895020e-01,2.273402065038681030e-01,1.138500124216079712e-01,5.694300532341003418e-01,1.343482136726379395e-01,-2.578280568122863770e-01,4.450168311595916748e-01,1.428058445453643799e-01,-6.741615384817123413e-02,5.448443293571472168e-01,5.318585783243179321e-02,-3.464921116828918457e-01,5.009356737136840820e-01,5.885897204279899597e-02,-1.427795737981796265e-01,5.358077287673950195e-01,3.392981737852096558e-02,-4.282310903072357178e-01,5.108084678649902344e-01,3.762804716825485229e-02,-2.198375910520553589e-01,5.351226329803466797e-01,3.301988169550895691e-02,-4.212562739849090576e-01,5.123013854026794434e-01,3.505154699087142944e-02,-2.069987505674362183e-01,5.372989773750305176e-01,4.052377119660377502e-02,-3.567347228527069092e-01,5.113688111305236816e-01,4.287578165531158447e-02,-1.526230722665786743e-01,5.900932550430297852e-01,4.261757135391235352e-01,-8.300319314002990723e-02,4.908017218112945557e-01,4.276338517665863037e-01,8.300372213125228882e-02,5.971260070800781250e-01,5.634995698928833008e-01,-1.030287966132164001e-01,4.817751646041870117e-01,5.608521699905395508e-01,1.272952258586883545e-01,6.334668993949890137e-01,7.184563875198364258e-01,1.622563749551773071e-01,4.805061221122741699e-01,7.133752107620239258e-01,4.202718138694763184e-01,6.355281472206115723e-01,7.343916893005371094e-01,1.704648733139038086e-01,5.000000000000000000e-01,7.286238074302673340e-01,4.312280714511871338e-01,6.086801886558532715e-01,7.768259048461914062e-01,-1.235928833484649658e-01,4.340048432350158691e-01,7.749419212341308594e-01,2.114287763833999634e-01
5.389317274093627930e-01,1.798578351736068726e-01,-2.691284120082855225e-01,5.432566404342651367e-01,1.683838367462158203e-01,-2.249558717012405396e-01,5.479345321655273438e-01,1.675869524478912354e-01,-2.249838411808013916e-01,5.527933239936828613e-01,1.669482886791229248e-01,-2.249743044376373291e-01,5.315698981285095215e-01,1.694923490285873413e-01,-2.191589921712875366e-01,5.281391739845275879e-01,1.693418771028518677e-01,-2.190830260515213013e-01,5.248688459396362305e-01,1.693053841590881348e-01,-2.190762609243392944e-01,5.602451562881469727e-01,1.704748719930648804e-01,-4.665671847760677338e-03,5.197319388389587402e-01,1.735787689685821533e-01,2.695446275174617767e-02,5.498766303062438965e-01,1.882990896701812744e-01,-1.873167306184768677e-01,5.361306071281433105e-01,1.886152923107147217e-01,-1.791171431541442871e-01,6.080290675163269043e-01,2.167288362979888916e-01,-8.824755251407623291e-02,4.852997958660125732e-01,2.228808552026748657e-01,2.412378555163741112e-03,5.667229294776916504e-01,1.378158181905746460e-01,-6.153118014335632324e-01,4.506846964359283447e-01,1.424267441034317017e-01,-4.974145889282226562e-01,5.519531965255737305e-01,5.645565688610076904e-02,-9.866728782653808594e-01,5.049405694007873535e-01,5.840168893337249756e-02,-8.795989155769348145e-01,5.424337387084960938e-01,3.835608810186386108e-02,-1.111184000968933105e+00,5.142244100570678711e-01,3.916813060641288757e-02,-9.915832281112670898e-01,5.404824018478393555e-01,3.721585497260093689e-02,-1.092816948890686035e+00,5.149916410446166992e-01,3.703441098332405090e-02,-9.646205902099609375e-01,5.432761311531066895e-01,4.435184225440025330e-02,-9.990433454513549805e-01,5.145437121391296387e-01,4.480623081326484680e-02,-8.881195783615112305e-01,5.851527452468872070e-01,4.266709983348846436e-01,-7.223226130008697510e-02,4.909640550613403320e-01,4.277502298355102539e-01,7.204259186983108521e-02,5.941779017448425293e-01,5.652457475662231445e-01,-7.685951143503189087e-02,4.836812317371368408e-01,5.621404647827148438e-01,1.064044609665870667e-01,6.243201494216918945e-01,7.198531627655029297e-01,2.198488563299179077e-01,4.808098375797271729e-01,7.145789265632629395e-01,4.227708280086517334e-01,6.252451539039611816e-01,7.360063195228576660e-01,2.300152033567428589e-01,4.998323321342468262e-01,7.298292517662048340e-01,4.319800734519958496e-01,5.993286371231079102e-01,7.804393768310546875e-01,-8.763019740581512451e-02,4.391340911388397217e-01,7.758427262306213379e-01,2.008647620677947998e-01
5.397915244102478027e-01,1.761904656887054443e-01,-3.050766587257385254e-01,5.445480942726135254e-01,1.647190302610397339e-01,-2.605039179325103760e-01,5.492293834686279297e-01,1.639761626720428467e-01,-2.605377733707427979e-01,5.540117621421813965e-01,1.633835881948471069e-01,-2.605340182781219482e-01,5.323681831359863281e-01,1.659182757139205933e-01,-2.558247148990631104e-01,5.286896824836730957e-01,1.658902764320373535e-01,-2.557378113269805908e-01,5.252922773361206055e-01,1.659431606531143188e-01,-2.557323873043060303e-01,5.604255199432373047e-01,1.669014692306518555e-01,-3.627211973071098328e-02,5.199242830276489258e-01,1.701227575540542603e-01,-1.003107987344264984e-02,5.506030917167663574e-01,1.851023137569427490e-01,-2.216976135969161987e-01,5.364609360694885254e-01,1.853345036506652832e-01,-2.146916091442108154e-01,6.084926724433898926e-01,2.161101102828979492e-01,-1.279327124357223511e-01,4.851660728454589844e-01,2.212367206811904907e-01,-4.080533981323242188e-02,5.661218762397766113e-01,1.386473178863525391e-01,-6.755368113517761230e-01,4.506420493125915527e-01,1.415588855743408203e-01,-5.527812242507934570e-01,5.570757985115051270e-01,5.705548450350761414e-02,-1.062375307083129883e+00,5.044549703598022461e-01,5.859803408384323120e-02,-9.355184435844421387e-01,5.467082858085632324e-01,3.936747089028358459e-02,-1.188937902450561523e+00,5.134809017181396484e-01,3.971255570650100708e-02,-1.047650337219238281e+00,5.443581342697143555e-01,3.846556320786476135e-02,-1.168878555297851562e+00,5.142839550971984863e-01,3.786454722285270691e-02,-1.021473765373229980e+00,5.468941330909729004e-01,4.538350179791450500e-02,-1.074342846870422363e+00,5.140044689178466797e-01,4.564697667956352234e-02,-9.440426826477050781e-01,5.842786431312561035e-01,4.260045886039733887e-01,-6.247737631201744080e-02,4.901593625545501709e-01,4.267540872097015381e-01,6.219547614455223083e-02,5.934734344482421875e-01,5.663767457008361816e-01,-8.491829782724380493e-02,4.838444292545318604e-01,5.619055032730102539e-01,1.052954941987991333e-01,6.231978535652160645e-01,7.205502390861511230e-01,2.232764214277267456e-01,4.806901514530181885e-01,7.154635190963745117e-01,4.303811788558959961e-01,6.243903636932373047e-01,7.368410825729370117e-01,2.352944463491439819e-01,4.967211484909057617e-01,7.295518517494201660e-01,4.435380995273590088e-01,5.968384742736816406e-01,7.828906178474426270e-01,-8.097731322050094604e-02,4.409394860267639160e-01,7.759649753570556641e-01,1.996752470731735229e-01
5.440559387207031250e-01,1.768481731414794922e-01,-2.944687306880950928e-01,5.496864914894104004e-01,1.658510714769363403e-01,-2.508601844310760498e-01,5.542905330657958984e-01,1.656303852796554565e-01,-2.508978247642517090e-01,5.590522289276123047e-01,1.655841320753097534e-01,-2.509083747863769531e-01,5.365384817123413086e-01,1.666451990604400635e-01,-2.458024322986602783e-01,5.320640206336975098e-01,1.667608469724655151e-01,-2.457215040922164917e-01,5.280569791793823242e-01,1.668857187032699585e-01,-2.457266002893447876e-01,5.646710395812988281e-01,1.715198755264282227e-01,-3.375318273901939392e-02,5.215107798576354980e-01,1.722933650016784668e-01,-5.068858154118061066e-03,5.541489124298095703e-01,1.858838051557540894e-01,-2.135111838579177856e-01,5.393328666687011719e-01,1.857854276895523071e-01,-2.059243172407150269e-01,6.085533499717712402e-01,2.182799279689788818e-01,-1.250666528940200806e-01,4.849994480609893799e-01,2.228099256753921509e-01,-3.531872853636741638e-02,5.716017484664916992e-01,1.412402838468551636e-01,-6.683866381645202637e-01,4.493783712387084961e-01,1.435237526893615723e-01,-5.182611942291259766e-01,5.669394731521606445e-01,5.925652384757995605e-02,-1.063079476356506348e+00,5.002265572547912598e-01,5.900765210390090942e-02,-8.816316723823547363e-01,5.576984882354736328e-01,4.075379669666290283e-02,-1.188986063003540039e+00,5.063970088958740234e-01,4.091934487223625183e-02,-9.903351068496704102e-01,5.533696413040161133e-01,3.959661722183227539e-02,-1.166873574256896973e+00,5.077772140502929688e-01,3.802993521094322205e-02,-9.723610877990722656e-01,5.544769763946533203e-01,4.681741818785667419e-02,-1.074463367462158203e+00,5.095664262771606445e-01,4.616316780447959900e-02,-8.932294845581054688e-01,5.807563662528991699e-01,4.292227029800415039e-01,-5.974638089537620544e-02,4.823648035526275635e-01,4.276986122131347656e-01,5.940420553088188171e-02,5.913500785827636719e-01,5.722142457962036133e-01,-8.479484170675277710e-02,4.763914048671722412e-01,5.664709210395812988e-01,1.011197194457054138e-01,6.185566186904907227e-01,7.231306433677673340e-01,2.345843464136123657e-01,4.791235327720642090e-01,7.195845842361450195e-01,4.147647619247436523e-01,6.195762753486633301e-01,7.389635443687438965e-01,2.483602911233901978e-01,4.947210848331451416e-01,7.336387038230895996e-01,4.302459657192230225e-01,5.948661565780639648e-01,7.907803058624267578e-01,-5.873548611998558044e-02,4.426229298114776611e-01,7.848018407821655273e-01,1.752814948558807373e-01
5.473765730857849121e-01,1.780215650796890259e-01,-2.788917422294616699e-01,5.536801218986511230e-01,1.668592244386672974e-01,-2.383749336004257202e-01,5.582619309425354004e-01,1.664637476205825806e-01,-2.384132891893386841e-01,5.630341172218322754e-01,1.662347614765167236e-01,-2.384581267833709717e-01,5.399138331413269043e-01,1.677601337432861328e-01,-2.303457707166671753e-01,5.349970459938049316e-01,1.677764058113098145e-01,-2.302899062633514404e-01,5.306521058082580566e-01,1.678365319967269897e-01,-2.303348332643508911e-01,5.677877068519592285e-01,1.721774190664291382e-01,-8.300705812871456146e-03,5.229894518852233887e-01,1.728040724992752075e-01,5.738991778343915939e-03,5.570576190948486328e-01,1.867184937000274658e-01,-2.046344876289367676e-01,5.416017770767211914e-01,1.870233416557312012e-01,-1.923105716705322266e-01,6.088241338729858398e-01,2.193452119827270508e-01,-1.212048009037971497e-01,4.842662513256072998e-01,2.237444818019866943e-01,-2.677123248577117920e-02,5.755692124366760254e-01,1.416228115558624268e-01,-6.181854009628295898e-01,4.467086791992187500e-01,1.450964659452438354e-01,-5.052202939987182617e-01,5.705235600471496582e-01,6.119389832019805908e-02,-1.018168926239013672e+00,4.968264698982238770e-01,5.972438305616378784e-02,-8.491655588150024414e-01,5.619113445281982422e-01,4.246600717306137085e-02,-1.141790270805358887e+00,5.019047856330871582e-01,4.176069051027297974e-02,-9.570199251174926758e-01,5.571839213371276855e-01,4.100996628403663635e-02,-1.121394276618957520e+00,5.035871863365173340e-01,3.846358880400657654e-02,-9.371628165245056152e-01,5.578088164329528809e-01,4.847518727183341980e-02,-1.030586481094360352e+00,5.061228871345520020e-01,4.658361896872520447e-02,-8.590566515922546387e-01,5.793886780738830566e-01,4.300637245178222656e-01,-5.401263013482093811e-02,4.784263372421264648e-01,4.283564388751983643e-01,5.363065004348754883e-02,5.907722711563110352e-01,5.733297467231750488e-01,-8.692099153995513916e-02,4.709255397319793701e-01,5.666465163230895996e-01,7.062722742557525635e-02,6.121353507041931152e-01,7.254121303558349609e-01,2.312418073415756226e-01,4.781350791454315186e-01,7.207607030868530273e-01,3.915823698043823242e-01,6.129229664802551270e-01,7.405052185058593750e-01,2.455713748931884766e-01,4.947323799133300781e-01,7.341235876083374023e-01,4.083341956138610840e-01,5.899176597595214844e-01,7.941337227821350098e-01,-5.907560139894485474e-02,4.436531364917755127e-01,7.878264188766479492e-01,1.500418633222579956e-01
5.468205809593200684e-01,1.790466457605361938e-01,-3.246912062168121338e-01,5.531897544860839844e-01,1.683866977691650391e-01,-2.811639606952667236e-01,5.580434203147888184e-01,1.681887507438659668e-01,-2.812376916408538818e-01,5.631309747695922852e-01,1.681652367115020752e-01,-2.812985479831695557e-01,5.393762588500976562e-01,1.688981652259826660e-01,-2.731413841247558594e-01,5.345946550369262695e-01,1.688929349184036255e-01,-2.730149328708648682e-01,5.303210020065307617e-01,1.689148843288421631e-01,-2.730188071727752686e-01,5.687394738197326660e-01,1.746929734945297241e-01,-5.658602342009544373e-02,5.228157043457031250e-01,1.744976937770843506e-01,-1.563866063952445984e-02,5.567336082458496094e-01,1.887122541666030884e-01,-2.426288872957229614e-01,5.413570404052734375e-01,1.879504621028900146e-01,-2.300084829330444336e-01,6.097800135612487793e-01,2.322055548429489136e-01,-1.793574243783950806e-01,4.802199006080627441e-01,2.336397469043731689e-01,-5.073406919836997986e-02,5.786952972412109375e-01,1.632820963859558105e-01,-8.262990713119506836e-01,4.424079656600952148e-01,1.565079391002655029e-01,-5.959600210189819336e-01,5.777567028999328613e-01,7.247947156429290771e-02,-1.295412778854370117e+00,4.945633411407470703e-01,7.247656583786010742e-02,-1.015854597091674805e+00,5.760166645050048828e-01,5.743467062711715698e-02,-1.431049704551696777e+00,4.986519813537597656e-01,5.213139206171035767e-02,-1.132267236709594727e+00,5.704842209815979004e-01,5.539510771632194519e-02,-1.406135916709899902e+00,5.013837814331054688e-01,4.985434934496879578e-02,-1.112925887107849121e+00,5.685245394706726074e-01,6.172579526901245117e-02,-1.307759165763854980e+00,5.049174427986145020e-01,5.847576633095741272e-02,-1.030751466751098633e+00,5.727832913398742676e-01,4.415541291236877441e-01,-6.509351730346679688e-02,4.664704501628875732e-01,4.400482177734375000e-01,6.470166891813278198e-02,5.829506516456604004e-01,5.903435945510864258e-01,-1.626590639352798462e-01,4.606971442699432373e-01,5.816346406936645508e-01,2.538427151739597321e-02,6.125687360763549805e-01,7.415109276771545410e-01,1.801497191190719604e-01,4.780601561069488525e-01,7.336254715919494629e-01,3.791660070419311523e-01,6.166177988052368164e-01,7.560140490531921387e-01,1.951526403427124023e-01,4.950413107872009277e-01,7.503838539123535156e-01,3.977927565574645996e-01,5.798237323760986328e-01,8.098703026771545410e-01,-1.369645893573760986e-01,4.502987265586853027e-01,7.981060147285461426e-01,1.316384971141815186e-01
5.465230941772460938e-01,1.822391897439956665e-01,-3.527713119983673096e-01,5.528395771980285645e-01,1.718875020742416382e-01,-3.086624145507812500e-01,5.576170682907104492e-01,1.716646403074264526e-01,-3.087534904479980469e-01,5.626298189163208008e-01,1.716135442256927490e-01,-3.088288009166717529e-01,5.389174222946166992e-01,1.727100908756256104e-01,-3.025326132774353027e-01,5.338712334632873535e-01,1.728922873735427856e-01,-3.024101257324218750e-01,5.293210148811340332e-01,1.730874925851821899e-01,-3.024182021617889404e-01,5.683491826057434082e-01,1.777645200490951538e-01,-8.072900027036666870e-02,5.210466980934143066e-01,1.793908625841140747e-01,-4.323880001902580261e-02,5.565068721771240234e-01,1.918883621692657471e-01,-2.670429944992065430e-01,5.411412715911865234e-01,1.910414695739746094e-01,-2.569468319416046143e-01,6.104969382286071777e-01,2.334660589694976807e-01,-1.853429228067398071e-01,4.768041670322418213e-01,2.363689541816711426e-01,-8.367739617824554443e-02,5.804154872894287109e-01,1.666790395975112915e-01,-8.275597095489501953e-01,4.403944909572601318e-01,1.615522354841232300e-01,-6.473745107650756836e-01,5.818456411361694336e-01,7.518713176250457764e-02,-1.298509716987609863e+00,4.925385713577270508e-01,7.644150406122207642e-02,-1.065165281295776367e+00,5.811116695404052734e-01,6.118269637227058411e-02,-1.432670950889587402e+00,4.945574700832366943e-01,5.462104082107543945e-02,-1.182959675788879395e+00,5.755330920219421387e-01,5.932449549436569214e-02,-1.404576539993286133e+00,4.986269772052764893e-01,5.284889042377471924e-02,-1.159563183784484863e+00,5.729025006294250488e-01,6.544356048107147217e-02,-1.309549093246459961e+00,5.029709935188293457e-01,6.184276193380355835e-02,-1.078227162361145020e+00,5.712138414382934570e-01,4.445260167121887207e-01,-6.455065310001373291e-02,4.644700586795806885e-01,4.422832727432250977e-01,6.417958438396453857e-02,5.770468711853027344e-01,5.930958986282348633e-01,-1.976403743028640747e-01,4.595169425010681152e-01,5.851310491561889648e-01,-5.123660899698734283e-03,6.130483150482177734e-01,7.442809343338012695e-01,1.592839211225509644e-01,4.768930971622467041e-01,7.375451922416687012e-01,3.642254173755645752e-01,6.175904273986816406e-01,7.587437033653259277e-01,1.764587312936782837e-01,4.936927258968353271e-01,7.545816898345947266e-01,3.847404420375823975e-01,5.793423652648925781e-01,8.097347021102905273e-01,-1.471453905105590820e-01,4.509060382843017578e-01,8.022406101226806641e-01,1.184829846024513245e-01
5.471968650817871094e-01,1.922759711742401123e-01,-3.616802692413330078e-01,5.532677769660949707e-01,1.830051839351654053e-01,-3.161219656467437744e-01,5.581944584846496582e-01,1.828873157501220703e-01,-3.162188529968261719e-01,5.633581876754760742e-01,1.828000992536544800e-01,-3.162972927093505859e-01,5.390247702598571777e-01,1.838853210210800171e-01,-3.157804608345031738e-01,5.339996218681335449e-01,1.838780045509338379e-01,-3.156764209270477295e-01,5.294603109359741211e-01,1.839456260204315186e-01,-3.156983852386474609e-01,5.688881278038024902e-01,1.886954307556152344e-01,-7.764725387096405029e-02,5.210281014442443848e-01,1.901715248823165894e-01,-6.478665769100189209e-02,5.572980642318725586e-01,2.020104974508285522e-01,-2.710287272930145264e-01,5.414449572563171387e-01,2.015951275825500488e-01,-2.683548927307128906e-01,6.135386228561401367e-01,2.435433715581893921e-01,-1.674861162900924683e-01,4.735814332962036133e-01,2.429530173540115356e-01,-1.280703097581863403e-01,5.851940512657165527e-01,1.867891401052474976e-01,-8.397390842437744141e-01,4.394889771938323975e-01,1.747805029153823853e-01,-7.595561742782592773e-01,5.904471874237060547e-01,9.860677272081375122e-02,-1.353932380676269531e+00,4.900640547275543213e-01,9.681098908185958862e-02,-1.213678002357482910e+00,5.913796424865722656e-01,8.131287992000579834e-02,-1.489637613296508789e+00,4.918858408927917480e-01,7.148591428995132446e-02,-1.337873578071594238e+00,5.861471891403198242e-01,7.936397194862365723e-02,-1.467055678367614746e+00,4.967259466648101807e-01,6.990000605583190918e-02,-1.309779167175292969e+00,5.823651552200317383e-01,8.538041263818740845e-02,-1.368713617324829102e+00,5.015384554862976074e-01,7.923353463411331177e-02,-1.225905537605285645e+00,5.723400115966796875e-01,4.518803954124450684e-01,-4.972388595342636108e-02,4.662815630435943604e-01,4.511325657367706299e-01,4.937366396188735962e-02,5.706099867820739746e-01,5.999081134796142578e-01,-1.755014657974243164e-01,4.589748680591583252e-01,5.890888571739196777e-01,-3.462982177734375000e-02,6.085030436515808105e-01,7.555831074714660645e-01,1.678195446729660034e-01,4.768462777137756348e-01,7.493348717689514160e-01,3.039606809616088867e-01,6.168439984321594238e-01,7.706986665725708008e-01,1.842498928308486938e-01,4.930232167243957520e-01,7.655518054962158203e-01,3.212202489376068115e-01,5.776190757751464844e-01,8.214504718780517578e-01,-1.305048465728759766e-01,4.545196294784545898e-01,8.128217458724975586e-01,4.778814315795898438e-02
5.511598587036132812e-01,1.992090046405792236e-01,-3.566953539848327637e-01,5.575870871543884277e-01,1.897199600934982300e-01,-3.095092177391052246e-01,5.628958940505981445e-01,1.895205825567245483e-01,-3.095953762531280518e-01,5.683953166007995605e-01,1.894193589687347412e-01,-3.096695244312286377e-01,5.418312549591064453e-01,1.906218528747558594e-01,-3.090695738792419434e-01,5.362718105316162109e-01,1.907412260770797729e-01,-3.089779317378997803e-01,5.313612222671508789e-01,1.908573359251022339e-01,-3.089933395385742188e-01,5.733684897422790527e-01,1.961292624473571777e-01,-6.933923065662384033e-02,5.218738317489624023e-01,1.983527243137359619e-01,-5.670973286032676697e-02,5.614347457885742188e-01,2.084269225597381592e-01,-2.655143737792968750e-01,5.443394184112548828e-01,2.084473222494125366e-01,-2.631362080574035645e-01,6.184632778167724609e-01,2.503738999366760254e-01,-1.596420258283615112e-01,4.734770357608795166e-01,2.490218132734298706e-01,-1.099491193890571594e-01,5.884094834327697754e-01,1.898420155048370361e-01,-8.183956742286682129e-01,4.383198022842407227e-01,1.800605505704879761e-01,-7.321438789367675781e-01,5.915616154670715332e-01,1.014548540115356445e-01,-1.306064844131469727e+00,4.895517230033874512e-01,9.791105240583419800e-02,-1.194548606872558594e+00,5.925219655036926270e-01,8.498604595661163330e-02,-1.441325545310974121e+00,4.906812906265258789e-01,7.469981163740158081e-02,-1.320809125900268555e+00,5.868524312973022461e-01,8.289696276187896729e-02,-1.412695169448852539e+00,4.952456653118133545e-01,7.264207303524017334e-02,-1.291728734970092773e+00,5.821567773818969727e-01,8.907965570688247681e-02,-1.317947387695312500e+00,5.001740455627441406e-01,8.175868541002273560e-02,-1.206619858741760254e+00,5.726822614669799805e-01,4.567183554172515869e-01,-4.987066611647605896e-02,4.662849903106689453e-01,4.556814134120941162e-01,4.952691867947578430e-02,5.659705996513366699e-01,6.037556529045104980e-01,-1.715243309736251831e-01,4.526040852069854736e-01,5.921237468719482422e-01,-3.038658201694488525e-02,6.056413650512695312e-01,7.594065666198730469e-01,1.724951416254043579e-01,4.759999215602874756e-01,7.514866590499877930e-01,3.347018063068389893e-01,6.162270307540893555e-01,7.740705013275146484e-01,1.932136714458465576e-01,4.915882349014282227e-01,7.664102315902709961e-01,3.544775843620300293e-01,5.752772092819213867e-01,8.215606212615966797e-01,-1.232412233948707581e-01,4.561860263347625732e-01,8.137734532356262207e-01,8.490009605884552002e-02
5.536863803863525391e-01,2.153359353542327881e-01,-3.206470906734466553e-01,5.596948266029357910e-01,2.078540921211242676e-01,-2.649411261081695557e-01,5.644954442977905273e-01,2.083113193511962891e-01,-2.650147974491119385e-01,5.695177316665649414e-01,2.088891863822937012e-01,-2.650361955165863037e-01,5.448788404464721680e-01,2.077205181121826172e-01,-2.681209743022918701e-01,5.391909480094909668e-01,2.079911977052688599e-01,-2.680602967739105225e-01,5.340184569358825684e-01,2.083188742399215698e-01,-2.681078612804412842e-01,5.743616223335266113e-01,2.190557867288589478e-01,-2.568760141730308533e-02,5.230107307434082031e-01,2.186503559350967407e-01,-2.619804628193378448e-02,5.623125433921813965e-01,2.272681295871734619e-01,-2.320141345262527466e-01,5.453553199768066406e-01,2.269088625907897949e-01,-2.353370189666748047e-01,6.196527481079101562e-01,2.709263265132904053e-01,-1.313723027706146240e-01,4.707272946834564209e-01,2.739957571029663086e-01,-8.595017343759536743e-02,5.938315391540527344e-01,2.032492756843566895e-01,-7.419922351837158203e-01,4.385891854763031006e-01,1.996769607067108154e-01,-6.286984086036682129e-01,5.953115820884704590e-01,1.189722791314125061e-01,-1.186116099357604980e+00,4.892740249633789062e-01,1.193016245961189270e-01,-1.013309836387634277e+00,5.957400798797607422e-01,9.982112795114517212e-02,-1.312257885932922363e+00,4.906302392482757568e-01,9.378413110971450806e-02,-1.127854228019714355e+00,5.896822214126586914e-01,9.905859082937240601e-02,-1.289359331130981445e+00,4.953219294548034668e-01,9.188139438629150391e-02,-1.104274988174438477e+00,5.854845046997070312e-01,1.057225465774536133e-01,-1.198938131332397461e+00,5.001694560050964355e-01,1.015027090907096863e-01,-1.025008201599121094e+00,5.735408663749694824e-01,4.726428985595703125e-01,-4.718578979372978210e-02,4.670400917530059814e-01,4.704442918300628662e-01,4.680826514959335327e-02,5.651556849479675293e-01,6.156527996063232422e-01,-1.762305349111557007e-01,4.550800621509552002e-01,6.089357733726501465e-01,-2.911639027297496796e-02,6.067757010459899902e-01,7.677140235900878906e-01,1.297878921031951904e-01,4.761199653148651123e-01,7.627187371253967285e-01,2.789960503578186035e-01,6.185011267662048340e-01,7.851701378822326660e-01,1.428090333938598633e-01,4.901824593544006348e-01,7.791671156883239746e-01,2.928338348865509033e-01,5.785546302795410156e-01,8.248324394226074219e-01,-1.689248532056808472e-01,4.556148946285247803e-01,8.209896683692932129e-01,2.076248824596405029e-02
5.535309910774230957e-01,2.214879244565963745e-01,-2.745348513126373291e-01,5.591875910758972168e-01,2.137434184551239014e-01,-2.287452667951583862e-01,5.639774203300476074e-01,2.139740735292434692e-01,-2.287947833538055420e-01,5.689765214920043945e-01,2.143317461013793945e-01,-2.287943512201309204e-01,5.446227788925170898e-01,2.136978507041931152e-01,-2.207875847816467285e-01,5.391218066215515137e-01,2.138595879077911377e-01,-2.207177579402923584e-01,5.340946316719055176e-01,2.141280472278594971e-01,-2.207071483135223389e-01,5.740831494331359863e-01,2.210711091756820679e-01,-1.082696393132209778e-02,5.233450531959533691e-01,2.221866399049758911e-01,3.570883348584175110e-02,5.624336600303649902e-01,2.318449914455413818e-01,-1.938465237617492676e-01,5.459700226783752441e-01,2.316508144140243530e-01,-1.817475855350494385e-01,6.234955191612243652e-01,2.714662253856658936e-01,-1.286953240633010864e-01,4.709768593311309814e-01,2.759424149990081787e-01,5.893380381166934967e-03,5.951210260391235352e-01,2.013454884290695190e-01,-7.413323521614074707e-01,4.393349885940551758e-01,1.997930407524108887e-01,-5.351192355155944824e-01,5.967260003089904785e-01,1.172797009348869324e-01,-1.184334635734558105e+00,4.887131750583648682e-01,1.184918358922004700e-01,-9.730738401412963867e-01,5.972306132316589355e-01,1.006382629275321960e-01,-1.315076947212219238e+00,4.897284507751464844e-01,9.523504972457885742e-02,-1.088010549545288086e+00,5.907640457153320312e-01,9.978275746107101440e-02,-1.290912508964538574e+00,4.947160184383392334e-01,9.302429109811782837e-02,-1.070309400558471680e+00,5.868149995803833008e-01,1.058263629674911499e-01,-1.196103572845458984e+00,4.996501207351684570e-01,1.020999997854232788e-01,-9.872919321060180664e-01,5.741085410118103027e-01,4.741136133670806885e-01,-7.167546451091766357e-02,4.668956995010375977e-01,4.738485813140869141e-01,7.132113724946975708e-02,5.613009333610534668e-01,6.211322546005249023e-01,-1.378418058156967163e-01,4.568635821342468262e-01,6.119133830070495605e-01,7.685429602861404419e-02,6.083762645721435547e-01,7.698748111724853516e-01,1.354349702596664429e-01,4.762012064456939697e-01,7.648974657058715820e-01,3.454764783382415771e-01,6.199868917465209961e-01,7.879844307899475098e-01,1.432030200958251953e-01,4.904007315635681152e-01,7.815684676170349121e-01,3.492791950702667236e-01,5.754050016403198242e-01,8.260910511016845703e-01,-1.826874762773513794e-01,4.510274827480316162e-01,8.226353526115417480e-01,7.011044770479202271e-02
5.531765818595886230e-01,2.316432595252990723e-01,-3.462028205394744873e-01,5.588153004646301270e-01,2.242089509963989258e-01,-3.065626323223114014e-01,5.636309385299682617e-01,2.241709828376770020e-01,-3.066258132457733154e-01,5.686239600181579590e-01,2.242096215486526489e-01,-3.066394329071044922e-01,5.442860126495361328e-01,2.243265956640243530e-01,-2.933825254440307617e-01,5.388514399528503418e-01,2.243856638669967651e-01,-2.932969331741333008e-01,5.338785648345947266e-01,2.244877517223358154e-01,-2.933155596256256104e-01,5.739934444427490234e-01,2.302276343107223511e-01,-9.949219971895217896e-02,5.233340859413146973e-01,2.320931851863861084e-01,-2.869461290538311005e-02,5.622510910034179688e-01,2.416588366031646729e-01,-2.683908343315124512e-01,5.457967519760131836e-01,2.415900528430938721e-01,-2.492244839668273926e-01,6.267448067665100098e-01,2.849232256412506104e-01,-1.999236196279525757e-01,4.710140526294708252e-01,2.881449460983276367e-01,-6.179536134004592896e-02,5.967606902122497559e-01,2.174235284328460693e-01,-8.100112676620483398e-01,4.395157396793365479e-01,2.203771770000457764e-01,-6.535196900367736816e-01,5.950438976287841797e-01,1.385690271854400635e-01,-1.226806402206420898e+00,4.885249435901641846e-01,1.402544528245925903e-01,-1.134346485137939453e+00,5.952402949333190918e-01,1.199884638190269470e-01,-1.355594873428344727e+00,4.898927509784698486e-01,1.174180805683135986e-01,-1.259588479995727539e+00,5.897349119186401367e-01,1.196313574910163879e-01,-1.333723187446594238e+00,4.953397214412689209e-01,1.158520802855491638e-01,-1.238429069519042969e+00,5.848538279533386230e-01,1.261805146932601929e-01,-1.238659739494323730e+00,5.003052353858947754e-01,1.237029656767845154e-01,-1.150309801101684570e+00,5.740137696266174316e-01,4.863017797470092773e-01,-7.019187510013580322e-02,4.665302932262420654e-01,4.841665923595428467e-01,6.983206421136856079e-02,5.625076889991760254e-01,6.338024735450744629e-01,-1.273842155933380127e-01,4.579129517078399658e-01,6.287396550178527832e-01,6.680799275636672974e-02,6.093264222145080566e-01,7.757573723793029785e-01,1.411080062389373779e-01,4.777930080890655518e-01,7.689432501792907715e-01,3.773255944252014160e-01,6.205022335052490234e-01,7.946116924285888672e-01,1.486888527870178223e-01,4.927808940410614014e-01,7.876825332641601562e-01,3.878886401653289795e-01,5.767601728439331055e-01,8.255127668380737305e-01,-1.736032813787460327e-01,4.471609294414520264e-01,8.253535628318786621e-01,1.130164638161659241e-01
5.530271530151367188e-01,2.420350760221481323e-01,-3.378393054008483887e-01,5.589321851730346680e-01,2.338006049394607544e-01,-2.929432094097137451e-01,5.636817812919616699e-01,2.339075654745101929e-01,-2.930065095424652100e-01,5.685829520225524902e-01,2.341513931751251221e-01,-2.930378615856170654e-01,5.447233915328979492e-01,2.338581085205078125e-01,-2.879457175731658936e-01,5.394826531410217285e-01,2.339620590209960938e-01,-2.879055142402648926e-01,5.346708297729492188e-01,2.341389805078506470e-01,-2.880488932132720947e-01,5.743467211723327637e-01,2.403146028518676758e-01,-7.949085533618927002e-02,5.247595906257629395e-01,2.411798685789108276e-01,-1.713814586400985718e-02,5.620954036712646484e-01,2.519802749156951904e-01,-2.554976642131805420e-01,5.459540486335754395e-01,2.520326375961303711e-01,-2.475320398807525635e-01,6.279073953628540039e-01,2.911656796932220459e-01,-1.786373406648635864e-01,4.741117358207702637e-01,2.927088439464569092e-01,-2.769407629966735840e-02,5.963408350944519043e-01,2.240380346775054932e-01,-7.775180935859680176e-01,4.392782151699066162e-01,2.242376059293746948e-01,-6.377037763595581055e-01,5.944575071334838867e-01,1.415335685014724731e-01,-1.189783334732055664e+00,4.875756800174713135e-01,1.426407098770141602e-01,-1.058653950691223145e+00,5.969182848930358887e-01,1.251654773950576782e-01,-1.316242694854736328e+00,4.891337454319000244e-01,1.212313920259475708e-01,-1.179460644721984863e+00,5.905214548110961914e-01,1.244668737053871155e-01,-1.293632030487060547e+00,4.947633445262908936e-01,1.189509630203247070e-01,-1.159092307090759277e+00,5.856577157974243164e-01,1.301994323730468750e-01,-1.201239228248596191e+00,4.997667074203491211e-01,1.275097280740737915e-01,-1.073979377746582031e+00,5.693460702896118164e-01,4.908788800239562988e-01,-7.512455433607101440e-02,4.647932946681976318e-01,4.883233904838562012e-01,7.476788759231567383e-02,5.631426572799682617e-01,6.372033357620239258e-01,-1.040810123085975647e-01,4.582781493663787842e-01,6.304973959922790527e-01,1.097703427076339722e-01,6.097310185432434082e-01,7.769450545310974121e-01,1.396506726741790771e-01,4.791354835033416748e-01,7.712633013725280762e-01,3.918185830116271973e-01,6.228427886962890625e-01,7.966768145561218262e-01,1.441731154918670654e-01,4.986074864864349365e-01,7.908475995063781738e-01,4.011242389678955078e-01,5.772711634635925293e-01,8.261193037033081055e-01,-1.826943457126617432e-01,4.472748339176177979e-01,8.268208503723144531e-01,1.327668279409408569e-01
5.529136657714843750e-01,2.670008838176727295e-01,2.036349028348922729e-01,5.566731095314025879e-01,2.570385038852691650e-01,1.492969989776611328e-01,5.559827685356140137e-01,2.572593986988067627e-01,1.493184119462966919e-01,5.541237592697143555e-01,2.576541304588317871e-01,1.493504792451858521e-01,5.540633201599121094e-01,2.563594579696655273e-01,1.924658417701721191e-01,5.566579103469848633e-01,2.562426030635833740e-01,1.924346238374710083e-01,5.601151585578918457e-01,2.562327384948730469e-01,1.923598200082778931e-01,5.557874441146850586e-01,2.656130790710449219e-01,-4.650260880589485168e-02,5.696776509284973145e-01,2.652368247509002686e-01,1.564810872077941895e-01,5.552567243576049805e-01,2.780699133872985840e-01,1.430162638425827026e-01,5.511476993560791016e-01,2.787652015686035156e-01,1.986311078071594238e-01,5.272040367126464844e-01,3.147737979888916016e-01,-2.229513525962829590e-01,6.026290059089660645e-01,3.190397024154663086e-01,2.105171680450439453e-01,4.671546816825866699e-01,2.419982552528381348e-01,-4.904657006263732910e-01,5.772094130516052246e-01,2.430599778890609741e-01,2.991170287132263184e-01,4.956348240375518799e-01,1.675346940755844116e-01,-6.604889035224914551e-01,5.582451820373535156e-01,1.655051410198211670e-01,2.473826855421066284e-01,4.930285811424255371e-01,1.445485949516296387e-01,-7.368860244750976562e-01,5.683352351188659668e-01,1.473553180694580078e-01,2.294511646032333374e-01,5.103009939193725586e-01,1.430558413267135620e-01,-7.257121801376342773e-01,5.561667084693908691e-01,1.451764851808547974e-01,1.859357506036758423e-01,5.164515376091003418e-01,1.509409248828887939e-01,-6.634157299995422363e-01,5.523207187652587891e-01,1.525176763534545898e-01,2.237302660942077637e-01,5.222066640853881836e-01,5.130516290664672852e-01,-1.615020185708999634e-01,5.324016213417053223e-01,5.134409070014953613e-01,1.611657142639160156e-01,4.997378587722778320e-01,6.507117748260498047e-01,-1.045685857534408569e-01,5.068343281745910645e-01,6.464644074440002441e-01,1.990348100662231445e-01,5.116279125213623047e-01,7.771549820899963379e-01,-4.677574709057807922e-02,5.528098344802856445e-01,7.804591059684753418e-01,2.992596030235290527e-01,5.388117432594299316e-01,7.960625886917114258e-01,-4.245778545737266541e-02,5.741424560546875000e-01,8.042657375335693359e-01,3.005574941635131836e-01,4.895688295364379883e-01,8.374731540679931641e-01,-1.845311075448989868e-01,5.167812108993530273e-01,8.265694379806518555e-01,1.656193733215332031e-01
5.486690402030944824e-01,2.688538432121276855e-01,-8.486627042293548584e-02,5.556682348251342773e-01,2.583700418472290039e-01,-3.380939736962318420e-02,5.558486580848693848e-01,2.586676776409149170e-01,-3.340300917625427246e-02,5.549390912055969238e-01,2.590722441673278809e-01,-3.289193287491798401e-02,5.529600977897644043e-01,2.578078806400299072e-01,-6.257473677396774292e-02,5.562599897384643555e-01,2.577126324176788330e-01,-6.250924617052078247e-02,5.592291951179504395e-01,2.575559020042419434e-01,-6.251725554466247559e-02,5.593490004539489746e-01,2.672297954559326172e-01,-1.120760664343833923e-01,5.586418509483337402e-01,2.648811936378479004e-01,1.039104908704757690e-01,5.527657866477966309e-01,2.792007029056549072e-01,5.564537271857261658e-02,5.469446182250976562e-01,2.784974575042724609e-01,-3.239899873733520508e-02,5.358812808990478516e-01,3.200052678585052490e-01,-2.539962530136108398e-01,5.550628304481506348e-01,3.238824307918548584e-01,2.517926692962646484e-01,5.146120786666870117e-01,2.417331784963607788e-01,-4.700949490070343018e-01,5.694875717163085938e-01,2.478538900613784790e-01,3.992893397808074951e-01,5.235428214073181152e-01,1.670709252357482910e-01,-4.930438101291656494e-01,5.510421991348266602e-01,1.630710214376449585e-01,4.612404406070709229e-01,5.207448601722717285e-01,1.479967981576919556e-01,-5.655309557914733887e-01,5.556864142417907715e-01,1.423954814672470093e-01,4.337962269783020020e-01,5.265011787414550781e-01,1.465141475200653076e-01,-5.718612074851989746e-01,5.423966050148010254e-01,1.405627578496932983e-01,4.285725653171539307e-01,5.293526649475097656e-01,1.537703126668930054e-01,-5.023970007896423340e-01,5.397397279739379883e-01,1.485008001327514648e-01,4.463821053504943848e-01,5.299768447875976562e-01,5.216053724288940430e-01,-1.699710637331008911e-01,5.260465741157531738e-01,5.198473334312438965e-01,1.698561012744903564e-01,5.216929316520690918e-01,6.565685272216796875e-01,-1.112779676914215088e-01,4.933235645294189453e-01,6.521282196044921875e-01,2.917851507663726807e-01,5.370339751243591309e-01,7.846838831901550293e-01,5.242159217596054077e-02,5.422051548957824707e-01,7.799212932586669922e-01,5.848665237426757812e-01,5.447542667388916016e-01,8.035916686058044434e-01,6.100028380751609802e-02,5.577068328857421875e-01,7.999725341796875000e-01,6.027172803878784180e-01,5.181527137756347656e-01,8.336378931999206543e-01,-1.779976636171340942e-01,4.659721851348876953e-01,8.265326619148254395e-01,4.373831450939178467e-01
5.474688410758972168e-01,2.836115956306457520e-01,-1.931660324335098267e-01,5.558805465698242188e-01,2.732290327548980713e-01,-1.634299457073211670e-01,5.575226545333862305e-01,2.735740840435028076e-01,-1.634195744991302490e-01,5.591753721237182617e-01,2.741885185241699219e-01,-1.633880734443664551e-01,5.526300668716430664e-01,2.731713950634002686e-01,-1.232666000723838806e-01,5.549900531768798828e-01,2.734060883522033691e-01,-1.234917491674423218e-01,5.560274124145507812e-01,2.736333608627319336e-01,-1.237595677375793457e-01,5.687865614891052246e-01,2.830193340778350830e-01,-1.162349358201026917e-01,5.574582815170288086e-01,2.824652493000030518e-01,7.539051771163940430e-02,5.527082085609436035e-01,2.960871458053588867e-01,-1.422474086284637451e-01,5.436063408851623535e-01,2.949484288692474365e-01,-1.071950569748878479e-01,5.432767868041992188e-01,3.386311233043670654e-01,-2.542514204978942871e-01,5.354256033897399902e-01,3.432826697826385498e-01,2.167233526706695557e-01,5.186902880668640137e-01,2.619522511959075928e-01,-4.924544990062713623e-01,4.810509979724884033e-01,2.732473909854888916e-01,2.651230692863464355e-01,5.309907793998718262e-01,1.919750273227691650e-01,-5.566993951797485352e-01,5.039181709289550781e-01,1.886973083019256592e-01,2.326987385749816895e-01,5.306592583656311035e-01,1.708325445652008057e-01,-6.316303610801696777e-01,5.067417025566101074e-01,1.638326346874237061e-01,1.914581060409545898e-01,5.352518558502197266e-01,1.683942228555679321e-01,-6.230670809745788574e-01,5.177116394042968750e-01,1.614720374345779419e-01,1.955069154500961304e-01,5.367415547370910645e-01,1.758740395307540894e-01,-5.617480874061584473e-01,5.221052169799804688e-01,1.704129725694656372e-01,2.200759649276733398e-01,5.347555875778198242e-01,5.339758396148681641e-01,-1.731525510549545288e-01,5.148869752883911133e-01,5.337607860565185547e-01,1.730310618877410889e-01,5.217174291610717773e-01,6.617167592048645020e-01,-1.513245552778244019e-01,4.813098609447479248e-01,6.567189693450927734e-01,2.947250902652740479e-01,5.533286929130554199e-01,7.906144261360168457e-01,2.528839744627475739e-02,5.225582122802734375e-01,7.801086306571960449e-01,6.445736885070800781e-01,6.005623340606689453e-01,8.083614110946655273e-01,3.509451821446418762e-02,5.466487407684326172e-01,7.973304390907287598e-01,6.682797670364379883e-01,5.319296717643737793e-01,8.323011398315429688e-01,-1.950974315404891968e-01,4.409001767635345459e-01,8.262370824813842773e-01,5.051609277725219727e-01
5.467023253440856934e-01,2.830013334751129150e-01,-2.027329951524734497e-01,5.565356016159057617e-01,2.727831304073333740e-01,-1.772574037313461304e-01,5.596958398818969727e-01,2.733647227287292480e-01,-1.773528158664703369e-01,5.634828805923461914e-01,2.741291224956512451e-01,-1.774542480707168579e-01,5.522866845130920410e-01,2.721924185752868652e-01,-1.369568556547164917e-01,5.539042949676513672e-01,2.724978625774383545e-01,-1.370862722396850586e-01,5.530424118041992188e-01,2.727383077144622803e-01,-1.371898651123046875e-01,5.763323307037353516e-01,2.822206318378448486e-01,-1.027198135852813721e-01,5.547794699668884277e-01,2.806963324546813965e-01,7.171395421028137207e-02,5.526453852653503418e-01,2.947333753108978271e-01,-1.629290878772735596e-01,5.410463809967041016e-01,2.934658527374267578e-01,-1.132839694619178772e-01,5.496801137924194336e-01,3.388026058673858643e-01,-2.297760993242263794e-01,5.309062600135803223e-01,3.395573794841766357e-01,2.051043510437011719e-01,5.308960676193237305e-01,2.754191756248474121e-01,-4.822615087032318115e-01,4.381178021430969238e-01,2.786923944950103760e-01,2.370520234107971191e-01,5.459866523742675781e-01,1.943302899599075317e-01,-5.914754867553710938e-01,4.804298281669616699e-01,1.935728341341018677e-01,2.146626859903335571e-01,5.516916513442993164e-01,1.733016371726989746e-01,-6.693171262741088867e-01,4.806334078311920166e-01,1.695500612258911133e-01,1.710328012704849243e-01,5.455944538116455078e-01,1.713629513978958130e-01,-6.670235395431518555e-01,4.937933683395385742e-01,1.659772396087646484e-01,1.810560077428817749e-01,5.421600341796875000e-01,1.786992847919464111e-01,-5.996413826942443848e-01,5.018143653869628906e-01,1.759521216154098511e-01,2.053299546241760254e-01,5.422620773315429688e-01,5.329775810241699219e-01,-1.612655371427536011e-01,5.090876221656799316e-01,5.341287255287170410e-01,1.611429750919342041e-01,5.269301533699035645e-01,6.589885950088500977e-01,-1.449293792247772217e-01,4.698683619499206543e-01,6.517329216003417969e-01,2.602201402187347412e-01,5.741741657257080078e-01,7.880663871765136719e-01,4.764529690146446228e-02,5.107322335243225098e-01,7.783702611923217773e-01,6.148853898048400879e-01,6.242960691452026367e-01,8.078250288963317871e-01,5.688150599598884583e-02,5.393528342247009277e-01,7.961009144783020020e-01,6.390027403831481934e-01,5.334433317184448242e-01,8.315560221672058105e-01,-1.845558136701583862e-01,4.361371397972106934e-01,8.262361884117126465e-01,4.671656787395477295e-01
5.470439195632934570e-01,2.875802218914031982e-01,-2.578521072864532471e-01,5.580127239227294922e-01,2.791953980922698975e-01,-2.499945014715194702e-01,5.613627433776855469e-01,2.796217501163482666e-01,-2.501427233219146729e-01,5.651832818984985352e-01,2.801868915557861328e-01,-2.502654194831848145e-01,5.522563457489013672e-01,2.784877419471740723e-01,-2.050768285989761353e-01,5.522317886352539062e-01,2.786218822002410889e-01,-2.051666378974914551e-01,5.505849719047546387e-01,2.788142263889312744e-01,-2.053264081478118896e-01,5.826699137687683105e-01,2.882861495018005371e-01,-1.843113452196121216e-01,5.502424240112304688e-01,2.843642830848693848e-01,1.492972951382398605e-02,5.526463389396667480e-01,2.992237210273742676e-01,-2.306330353021621704e-01,5.411695241928100586e-01,2.979819774627685547e-01,-1.725945919752120972e-01,5.713962912559509277e-01,3.402709662914276123e-01,-3.283256292343139648e-01,5.228152871131896973e-01,3.422423005104064941e-01,2.000095397233963013e-01,5.164030790328979492e-01,2.882353365421295166e-01,-5.301188826560974121e-01,4.406754970550537109e-01,3.009155094623565674e-01,3.249521851539611816e-01,5.134567618370056152e-01,2.130313217639923096e-01,-6.994099020957946777e-01,4.732683300971984863e-01,2.339731603860855103e-01,3.425778448581695557e-01,5.124925971031188965e-01,1.982920765876770020e-01,-7.795801162719726562e-01,4.774017333984375000e-01,2.040228992700576782e-01,3.264854848384857178e-01,5.203751921653747559e-01,1.958320885896682739e-01,-7.750701904296875000e-01,4.917651414871215820e-01,2.023624628782272339e-01,3.220688998699188232e-01,5.201426744461059570e-01,1.995864659547805786e-01,-7.061411738395690918e-01,4.977601170539855957e-01,2.125823050737380981e-01,3.308927714824676514e-01,5.470096468925476074e-01,5.361862182617187500e-01,-1.932733803987503052e-01,5.060501694679260254e-01,5.352854132652282715e-01,1.931958198547363281e-01,5.154291391372680664e-01,6.558466553688049316e-01,-1.450795382261276245e-01,4.829583168029785156e-01,6.501547694206237793e-01,2.604665160179138184e-01,5.739176273345947266e-01,7.852655649185180664e-01,4.272050783038139343e-02,5.140987038612365723e-01,7.779654264450073242e-01,5.455133914947509766e-01,6.122242808341979980e-01,8.051283359527587891e-01,5.377188324928283691e-02,5.413011908531188965e-01,7.967213988304138184e-01,5.661149024963378906e-01,5.345636606216430664e-01,8.312761187553405762e-01,-1.812606006860733032e-01,4.497833549976348877e-01,8.255952000617980957e-01,3.788012266159057617e-01
5.462265610694885254e-01,2.789725661277770996e-01,-3.251906335353851318e-01,5.577120184898376465e-01,2.691038250923156738e-01,-3.236204981803894043e-01,5.610166192054748535e-01,2.692974805831909180e-01,-3.237033486366271973e-01,5.646952390670776367e-01,2.694931626319885254e-01,-3.237895369529724121e-01,5.515217781066894531e-01,2.688956260681152344e-01,-2.815752625465393066e-01,5.508118271827697754e-01,2.691826820373535156e-01,-2.816223800182342529e-01,5.487040877342224121e-01,2.694787085056304932e-01,-2.817830145359039307e-01,5.819444060325622559e-01,2.770765125751495361e-01,-2.504663467407226562e-01,5.489030480384826660e-01,2.760435938835144043e-01,-6.055520474910736084e-02,5.498037338256835938e-01,2.906056046485900879e-01,-2.941627204418182373e-01,5.399051308631896973e-01,2.908323705196380615e-01,-2.395701706409454346e-01,5.809637308120727539e-01,3.329779207706451416e-01,-3.774760961532592773e-01,5.207041501998901367e-01,3.339432477951049805e-01,1.698585599660873413e-01,5.042948126792907715e-01,3.115615844726562500e-01,-6.491143703460693359e-01,4.327693283557891846e-01,3.048843443393707275e-01,3.555251061916351318e-01,5.119050145149230957e-01,2.315766811370849609e-01,-8.068178296089172363e-01,4.594883322715759277e-01,2.334455400705337524e-01,4.600561559200286865e-01,5.180026292800903320e-01,2.082605808973312378e-01,-8.807571530342102051e-01,4.643362164497375488e-01,2.031895965337753296e-01,4.565890431404113770e-01,5.279523134231567383e-01,2.061964422464370728e-01,-8.912063837051391602e-01,4.834577441215515137e-01,2.012146115303039551e-01,4.640364348888397217e-01,5.240139365196228027e-01,2.160821110010147095e-01,-8.163263201713562012e-01,4.883413612842559814e-01,2.113185524940490723e-01,4.574077129364013672e-01,5.480837225914001465e-01,5.346356034278869629e-01,-2.029643058776855469e-01,5.106796026229858398e-01,5.322597026824951172e-01,2.028956860303878784e-01,5.033916234970092773e-01,6.542250514030456543e-01,-4.803608357906341553e-02,4.943333566188812256e-01,6.499267816543579102e-01,3.818556368350982666e-01,5.530655384063720703e-01,7.836696505546569824e-01,1.699852943420410156e-01,5.311866402626037598e-01,7.782434225082397461e-01,6.652642488479614258e-01,6.038426160812377930e-01,8.046348094940185547e-01,1.903576850891113281e-01,5.595893859863281250e-01,7.989409565925598145e-01,6.862951517105102539e-01,5.183340907096862793e-01,8.306967616081237793e-01,2.859963476657867432e-02,4.657371342182159424e-01,8.217657208442687988e-01,5.530773401260375977e-01
5.499186515808105469e-01,2.703759670257568359e-01,-1.484858989715576172e-01,5.639546513557434082e-01,2.612256705760955811e-01,-1.299900859594345093e-01,5.687612891197204590e-01,2.611978650093078613e-01,-1.299760043621063232e-01,5.738221406936645508e-01,2.614255547523498535e-01,-1.299614459276199341e-01,5.538214445114135742e-01,2.619624137878417969e-01,-9.741611778736114502e-02,5.516721010208129883e-01,2.625147998332977295e-01,-9.751705080270767212e-02,5.486988425254821777e-01,2.631483376026153564e-01,-9.765022248029708862e-02,5.904743075370788574e-01,2.767333984375000000e-01,-3.629864379763603210e-02,5.508037209510803223e-01,2.746455669403076172e-01,1.130062416195869446e-01,5.574092864990234375e-01,2.821690738201141357e-01,-1.163474917411804199e-01,5.424825549125671387e-01,2.832431495189666748e-01,-7.424962520599365234e-02,6.190721392631530762e-01,3.292283713817596436e-01,-1.338307410478591919e-01,5.108425021171569824e-01,3.283686339855194092e-01,2.410242259502410889e-01,5.110104084014892578e-01,3.359118402004241943e-01,-3.205775022506713867e-01,3.965319395065307617e-01,3.343998193740844727e-01,1.435259263962507248e-02,5.010203123092651367e-01,2.686961889266967773e-01,-3.417621850967407227e-01,4.424200356006622314e-01,2.557170093059539795e-01,-3.893226981163024902e-01,4.987827837467193604e-01,2.458592653274536133e-01,-3.943948149681091309e-01,4.456915557384490967e-01,2.322974354028701782e-01,-4.716571271419525146e-01,5.152602791786193848e-01,2.428849786520004272e-01,-3.860148489475250244e-01,4.600085616111755371e-01,2.307307273149490356e-01,-4.247067570686340332e-01,5.121640563011169434e-01,2.529337406158447266e-01,-3.411298990249633789e-01,4.635393917560577393e-01,2.414439171552658081e-01,-3.911747932434082031e-01,5.639255642890930176e-01,5.294622778892517090e-01,-1.825674474239349365e-01,4.953631162643432617e-01,5.292934775352478027e-01,1.817021667957305908e-01,5.349431037902832031e-01,6.449100375175476074e-01,-2.165883481502532959e-01,4.682490229606628418e-01,6.459428071975708008e-01,1.379924565553665161e-01,5.903307199478149414e-01,7.831048965454101562e-01,-7.787200808525085449e-02,5.063810944557189941e-01,7.772533893585205078e-01,3.730188906192779541e-01,6.206568479537963867e-01,8.033514022827148438e-01,-7.491424679756164551e-02,5.348916053771972656e-01,7.974436879158020020e-01,3.869112730026245117e-01,5.460534095764160156e-01,8.301588892936706543e-01,-3.116485476493835449e-01,4.517482221126556396e-01,8.217738866806030273e-01,2.240919470787048340e-01
5.505090355873107910e-01,2.641479969024658203e-01,-1.455321758985519409e-01,5.655766725540161133e-01,2.546824812889099121e-01,-1.317152827978134155e-01,5.708416104316711426e-01,2.546576559543609619e-01,-1.316926479339599609e-01,5.762276053428649902e-01,2.549483478069305420e-01,-1.316573619842529297e-01,5.540794730186462402e-01,2.555556297302246094e-01,-9.605906158685684204e-02,5.513753294944763184e-01,2.561150491237640381e-01,-9.616263955831527710e-02,5.481067299842834473e-01,2.568399012088775635e-01,-9.628826379776000977e-02,5.926024913787841797e-01,2.732230722904205322e-01,-4.887403920292854309e-02,5.527140498161315918e-01,2.703432142734527588e-01,1.134592294692993164e-01,5.594696998596191406e-01,2.772898375988006592e-01,-1.167931109666824341e-01,5.426824092864990234e-01,2.787330746650695801e-01,-7.080462574958801270e-02,6.268454790115356445e-01,3.274808228015899658e-01,-1.516578644514083862e-01,5.084242820739746094e-01,3.255596756935119629e-01,2.437269836664199829e-01,5.140424370765686035e-01,3.324238657951354980e-01,-3.373197615146636963e-01,3.879336714744567871e-01,3.350744843482971191e-01,-3.054794110357761383e-02,4.847736656665802002e-01,2.719807028770446777e-01,-3.352352976799011230e-01,4.386869668960571289e-01,2.584127187728881836e-01,-4.470767080783843994e-01,4.810898900032043457e-01,2.477727234363555908e-01,-3.888486325740814209e-01,4.422514438629150391e-01,2.364750355482101440e-01,-5.318797230720520020e-01,5.002472400665283203e-01,2.459155321121215820e-01,-3.852615356445312500e-01,4.565612673759460449e-01,2.353805899620056152e-01,-4.866947829723358154e-01,4.989402890205383301e-01,2.571313083171844482e-01,-3.361233174800872803e-01,4.597785770893096924e-01,2.453520447015762329e-01,-4.501564204692840576e-01,5.708616971969604492e-01,5.240824818611145020e-01,-1.786513328552246094e-01,4.903991222381591797e-01,5.249718427658081055e-01,1.783655583858489990e-01,5.463804602622985840e-01,6.407464146614074707e-01,-2.269943505525588989e-01,4.579441547393798828e-01,6.419112682342529297e-01,1.257986277341842651e-01,6.020817160606384277e-01,7.823292016983032227e-01,-1.146114990115165710e-01,4.950565993785858154e-01,7.766222953796386719e-01,3.383829891681671143e-01,6.277419328689575195e-01,8.025744557380676270e-01,-1.154340282082557678e-01,5.242198705673217773e-01,7.967281937599182129e-01,3.489246070384979248e-01,5.587809681892395020e-01,8.298882246017456055e-01,-3.590437769889831543e-01,4.441589713096618652e-01,8.217318654060363770e-01,1.816496402025222778e-01
5.589177012443542480e-01,2.499764561653137207e-01,-1.644130945205688477e-01,5.718251466751098633e-01,2.437592893838882446e-01,-1.300116926431655884e-01,5.776056051254272461e-01,2.446263879537582397e-01,-1.300766617059707642e-01,5.832711458206176758e-01,2.457475364208221436e-01,-1.301130056381225586e-01,5.565800070762634277e-01,2.435234636068344116e-01,-1.183365657925605774e-01,5.521991848945617676e-01,2.441021800041198730e-01,-1.183407530188560486e-01,5.478892326354980469e-01,2.448619455099105835e-01,-1.184419766068458557e-01,5.952070355415344238e-01,2.606379091739654541e-01,6.832295656204223633e-02,5.509072542190551758e-01,2.569862902164459229e-01,1.017671450972557068e-01,5.703842639923095703e-01,2.635569870471954346e-01,-9.571498632431030273e-02,5.477780699729919434e-01,2.637744247913360596e-01,-8.389422297477722168e-02,6.427520513534545898e-01,3.261548578739166260e-01,7.420801371335983276e-02,4.885773658752441406e-01,3.128369152545928955e-01,2.247908562421798706e-01,6.026702523231506348e-01,3.621026873588562012e-01,-2.078059166669845581e-01,4.004974961280822754e-01,3.606365621089935303e-01,-1.400207728147506714e-01,5.560398101806640625e-01,3.032933771610260010e-01,-4.651968479156494141e-01,4.676013588905334473e-01,3.195672035217285156e-01,-5.242316126823425293e-01,5.465664267539978027e-01,2.855281233787536621e-01,-5.374454855918884277e-01,4.849803149700164795e-01,3.100909292697906494e-01,-6.077200174331665039e-01,5.548098087310791016e-01,2.809110879898071289e-01,-5.209988951683044434e-01,4.925659000873565674e-01,3.030547499656677246e-01,-5.844878554344177246e-01,5.535060763359069824e-01,2.877846062183380127e-01,-4.665696918964385986e-01,4.884867370128631592e-01,3.083052039146423340e-01,-5.265756249427795410e-01,5.814927816390991211e-01,4.983807206153869629e-01,-5.936086550354957581e-02,4.897647202014923096e-01,4.952910840511322021e-01,5.930864438414573669e-02,5.624440908432006836e-01,6.281411051750183105e-01,-1.647476404905319214e-01,4.582945704460144043e-01,6.263998746871948242e-01,3.149420022964477539e-02,6.083437800407409668e-01,7.821872830390930176e-01,-2.883305586874485016e-02,4.905404150485992432e-01,7.763385772705078125e-01,2.027115672826766968e-01,6.270310282707214355e-01,8.020596504211425781e-01,-2.171465568244457245e-02,5.109773874282836914e-01,7.966273427009582520e-01,2.072873115539550781e-01,5.780016779899597168e-01,8.249712586402893066e-01,-2.802823483943939209e-01,4.488091766834259033e-01,8.201030492782592773e-01,-2.359879761934280396e-02
5.637129545211791992e-01,2.449940443038940430e-01,-1.727068275213241577e-01,5.757292509078979492e-01,2.394543886184692383e-01,-1.527984738349914551e-01,5.818920135498046875e-01,2.405081689357757568e-01,-1.528630554676055908e-01,5.878198742866516113e-01,2.418096810579299927e-01,-1.529187262058258057e-01,5.582996010780334473e-01,2.390339076519012451e-01,-1.286555379629135132e-01,5.529475808143615723e-01,2.395946979522705078e-01,-1.287290900945663452e-01,5.479319095611572266e-01,2.402970343828201294e-01,-1.289468258619308472e-01,5.982447266578674316e-01,2.553930878639221191e-01,4.547555744647979736e-02,5.496435761451721191e-01,2.514728903770446777e-01,8.996396511793136597e-02,5.765716433525085449e-01,2.588157057762145996e-01,-1.199941933155059814e-01,5.516532659530639648e-01,2.584510147571563721e-01,-9.903163462877273560e-02,6.487621665000915527e-01,3.249135911464691162e-01,6.608285009860992432e-02,4.829927384853363037e-01,3.080182075500488281e-01,2.041036337614059448e-01,6.327341794967651367e-01,3.831692636013031006e-01,-1.983457207679748535e-01,4.016283154487609863e-01,3.674904704093933105e-01,-8.287929743528366089e-02,5.974869728088378906e-01,3.113534450531005859e-01,-4.564732313156127930e-01,4.708792269229888916e-01,3.243453204631805420e-01,-4.531864523887634277e-01,5.898719429969787598e-01,2.902092933654785156e-01,-5.283869504928588867e-01,4.900135993957519531e-01,3.121765255928039551e-01,-5.381974577903747559e-01,5.980741381645202637e-01,2.859446406364440918e-01,-5.096758008003234863e-01,4.960574805736541748e-01,3.056482672691345215e-01,-5.120882987976074219e-01,5.951778292655944824e-01,2.939604222774505615e-01,-4.569241404533386230e-01,4.918122291564941406e-01,3.118871450424194336e-01,-4.561561942100524902e-01,5.803861021995544434e-01,4.958586692810058594e-01,-6.219815462827682495e-02,4.840734601020812988e-01,4.924027621746063232e-01,6.216838583350181580e-02,5.622458457946777344e-01,6.291252970695495605e-01,-1.467929780483245850e-01,4.600724577903747559e-01,6.272769570350646973e-01,7.409100234508514404e-02,6.082529425621032715e-01,7.795269489288330078e-01,4.701254144310951233e-02,4.881388545036315918e-01,7.760818004608154297e-01,3.060950934886932373e-01,6.266335248947143555e-01,7.986401915550231934e-01,5.143230780959129333e-02,5.086733698844909668e-01,7.961822152137756348e-01,3.166240453720092773e-01,5.807274580001831055e-01,8.232293725013732910e-01,-2.522667348384857178e-01,4.488315284252166748e-01,8.201488256454467773e-01,8.392879366874694824e-02
5.645965933799743652e-01,2.374253571033477783e-01,-2.523427009582519531e-01,5.779911279678344727e-01,2.325152158737182617e-01,-2.123144716024398804e-01,5.845010876655578613e-01,2.338202595710754395e-01,-2.124571502208709717e-01,5.906205177307128906e-01,2.352968305349349976e-01,-2.125728577375411987e-01,5.592281222343444824e-01,2.313376665115356445e-01,-2.042093425989151001e-01,5.533444285392761230e-01,2.317083477973937988e-01,-2.041979730129241943e-01,5.480052828788757324e-01,2.322240620851516724e-01,-2.042280882596969604e-01,6.014925837516784668e-01,2.474797219038009644e-01,1.764647196978330612e-03,5.488555431365966797e-01,2.420795708894729614e-01,4.285920411348342896e-02,5.776234269142150879e-01,2.514309287071228027e-01,-1.706719398498535156e-01,5.519874095916748047e-01,2.495022118091583252e-01,-1.636704206466674805e-01,6.510123014450073242e-01,3.239477574825286865e-01,2.220055460929870605e-02,4.767848551273345947e-01,3.051442205905914307e-01,1.881352961063385010e-01,6.358191370964050293e-01,4.024694859981536865e-01,-1.765057891607284546e-01,4.050455093383789062e-01,3.856129944324493408e-01,-7.441803067922592163e-02,5.810508728027343750e-01,3.520225584506988525e-01,-4.556424021720886230e-01,4.609611928462982178e-01,3.371944725513458252e-01,-5.366395115852355957e-01,5.747955441474914551e-01,3.410787582397460938e-01,-5.354177355766296387e-01,4.715190529823303223e-01,3.249697685241699219e-01,-6.323245763778686523e-01,5.821399092674255371e-01,3.301951587200164795e-01,-5.335153937339782715e-01,4.688588976860046387e-01,3.150782585144042969e-01,-6.346427202224731445e-01,5.937932133674621582e-01,3.334525227546691895e-01,-4.619490504264831543e-01,4.701488018035888672e-01,3.200377821922302246e-01,-5.529850125312805176e-01,5.858159661293029785e-01,4.912087619304656982e-01,-5.311458557844161987e-02,4.841389358043670654e-01,4.886488914489746094e-01,5.315490067005157471e-02,5.745164155960083008e-01,6.292877793312072754e-01,-1.444032341241836548e-01,4.609585404396057129e-01,6.282020211219787598e-01,8.883505314588546753e-02,6.084852218627929688e-01,7.788326144218444824e-01,6.619700789451599121e-02,4.871423542499542236e-01,7.745434641838073730e-01,3.268215358257293701e-01,6.225840449333190918e-01,7.982174158096313477e-01,6.925239413976669312e-02,5.050074458122253418e-01,7.957012653350830078e-01,3.321577012538909912e-01,5.829924941062927246e-01,8.217535018920898438e-01,-2.475599646568298340e-01,4.507004916667938232e-01,8.191853761672973633e-01,1.396790593862533569e-01
5.645208954811096191e-01,2.358233928680419922e-01,-3.082492649555206299e-01,5.786497592926025391e-01,2.303496152162551880e-01,-2.694191038608551025e-01,5.854896903038024902e-01,2.316111326217651367e-01,-2.695699036121368408e-01,5.917618274688720703e-01,2.330293953418731689e-01,-2.696980535984039307e-01,5.591484308242797852e-01,2.291611731052398682e-01,-2.604636847972869873e-01,5.531367063522338867e-01,2.294993102550506592e-01,-2.604349851608276367e-01,5.478043556213378906e-01,2.299640029668807983e-01,-2.604319155216217041e-01,6.033961772918701172e-01,2.445641309022903442e-01,-3.426847979426383972e-02,5.486424565315246582e-01,2.387803196907043457e-01,-5.080641247332096100e-03,5.781946182250976562e-01,2.500174343585968018e-01,-2.250673174858093262e-01,5.517584681510925293e-01,2.480531334877014160e-01,-2.147561758756637573e-01,6.524050235748291016e-01,3.233664035797119141e-01,-7.797864265739917755e-03,4.752264618873596191e-01,3.041803240776062012e-01,1.535013616085052490e-01,6.373330354690551758e-01,4.080446362495422363e-01,-2.130704969167709351e-01,4.072775542736053467e-01,3.875026106834411621e-01,-9.652458876371383667e-02,5.740842223167419434e-01,3.565810918807983398e-01,-4.929010570049285889e-01,4.530694782733917236e-01,3.347787261009216309e-01,-5.813735127449035645e-01,5.689035654067993164e-01,3.421503901481628418e-01,-5.696970820426940918e-01,4.621454775333404541e-01,3.184638321399688721e-01,-6.771790385246276855e-01,5.763948559761047363e-01,3.265059590339660645e-01,-5.649284124374389648e-01,4.581376612186431885e-01,3.080199956893920898e-01,-6.783893108367919922e-01,5.821775794029235840e-01,3.336243033409118652e-01,-4.974331259727478027e-01,4.612264037132263184e-01,3.137626051902770996e-01,-5.979661345481872559e-01,5.858028531074523926e-01,4.904527068138122559e-01,-5.233930796384811401e-02,4.824542105197906494e-01,4.870743751525878906e-01,5.238877609372138977e-02,5.752229690551757812e-01,6.291702985763549805e-01,-1.358987241983413696e-01,4.617753624916076660e-01,6.283814311027526855e-01,9.675531834363937378e-02,6.076973676681518555e-01,7.772192358970642090e-01,8.638448268175125122e-02,4.858479797840118408e-01,7.732033729553222656e-01,3.885005414485931396e-01,6.159648299217224121e-01,7.959721088409423828e-01,9.028317779302597046e-02,5.024725198745727539e-01,7.939778566360473633e-01,4.033603072166442871e-01,5.830633044242858887e-01,8.206154704093933105e-01,-2.369981110095977783e-01,4.499899744987487793e-01,8.187156319618225098e-01,1.659884601831436157e-01
5.649908781051635742e-01,2.314323037862777710e-01,-3.947129845619201660e-01,5.792664885520935059e-01,2.266846001148223877e-01,-3.550247251987457275e-01,5.861634016036987305e-01,2.279993593692779541e-01,-3.551384508609771729e-01,5.925327539443969727e-01,2.294674366712570190e-01,-3.552502393722534180e-01,5.595204830169677734e-01,2.253347486257553101e-01,-3.507736623287200928e-01,5.533767342567443848e-01,2.256069928407669067e-01,-3.507821559906005859e-01,5.479587912559509277e-01,2.260159701108932495e-01,-3.508262634277343750e-01,6.043271422386169434e-01,2.409263998270034790e-01,-1.185206323862075806e-01,5.480647087097167969e-01,2.354312539100646973e-01,-1.011909767985343933e-01,5.789350271224975586e-01,2.461873888969421387e-01,-3.070382177829742432e-01,5.520379543304443359e-01,2.436681389808654785e-01,-3.020087778568267822e-01,6.531782150268554688e-01,3.222223222255706787e-01,-2.548888511955738068e-02,4.759610295295715332e-01,3.011949956417083740e-01,4.586801677942276001e-02,6.510948538780212402e-01,4.059065282344818115e-01,-1.108739078044891357e-01,4.093626439571380615e-01,3.857505619525909424e-01,-1.725944727659225464e-01,5.848672986030578613e-01,3.814507722854614258e-01,-3.365788459777832031e-01,4.664761126041412354e-01,3.551774322986602783e-01,-6.255682706832885742e-01,5.692969560623168945e-01,3.801355957984924316e-01,-3.957614302635192871e-01,4.822111129760742188e-01,3.473624587059020996e-01,-7.161691784858703613e-01,5.748035311698913574e-01,3.698374927043914795e-01,-4.046302437782287598e-01,4.775826036930084229e-01,3.364808261394500732e-01,-7.148987054824829102e-01,5.787694454193115234e-01,3.698283433914184570e-01,-3.435589671134948730e-01,4.775031805038452148e-01,3.398001790046691895e-01,-6.371521353721618652e-01,5.882523655891418457e-01,4.877005815505981445e-01,-3.291456773877143860e-02,4.825628399848937988e-01,4.845926165580749512e-01,3.289076685905456543e-02,5.821743011474609375e-01,6.264505386352539062e-01,-1.306255906820297241e-01,4.626684784889221191e-01,6.301503777503967285e-01,1.418852992355823517e-02,6.149820089340209961e-01,7.719283699989318848e-01,1.504621803760528564e-01,4.858923256397247314e-01,7.729764580726623535e-01,3.113278746604919434e-01,6.152538061141967773e-01,7.899700403213500977e-01,1.610227376222610474e-01,5.010850429534912109e-01,7.933071255683898926e-01,3.248255848884582520e-01,5.993929505348205566e-01,8.160272836685180664e-01,-1.517681032419204712e-01,4.527925550937652588e-01,8.171804547309875488e-01,4.221710935235023499e-02
5.646392703056335449e-01,2.306473255157470703e-01,-4.492283463478088379e-01,5.789872407913208008e-01,2.256526499986648560e-01,-4.129602611064910889e-01,5.858651399612426758e-01,2.268853485584259033e-01,-4.130910038948059082e-01,5.922287702560424805e-01,2.282800972461700439e-01,-4.131898880004882812e-01,5.593958497047424316e-01,2.243629246950149536e-01,-4.061053693294525146e-01,5.532872676849365234e-01,2.246069759130477905e-01,-4.061517417430877686e-01,5.478881001472473145e-01,2.249591946601867676e-01,-4.062172472476959229e-01,6.042649745941162109e-01,2.396018058061599731e-01,-1.881814301013946533e-01,5.476152896881103516e-01,2.341428399085998535e-01,-1.590597033500671387e-01,5.784582495689392090e-01,2.453949451446533203e-01,-3.650927841663360596e-01,5.518803000450134277e-01,2.428944706916809082e-01,-3.572083115577697754e-01,6.529517173767089844e-01,3.211874067783355713e-01,-7.303036749362945557e-02,4.761594831943511963e-01,3.004197478294372559e-01,1.003276277333498001e-02,6.550882458686828613e-01,4.058898389339447021e-01,-1.351136714220046997e-01,4.106290638446807861e-01,3.824093043804168701e-01,-1.708785742521286011e-01,5.977217555046081543e-01,4.312118291854858398e-01,-3.687320947647094727e-01,4.588326513767242432e-01,3.646800518035888672e-01,-6.546894311904907227e-01,5.845703482627868652e-01,4.432198107242584229e-01,-4.300451874732971191e-01,4.700568914413452148e-01,3.612210750579833984e-01,-7.456470727920532227e-01,5.830005407333374023e-01,4.352755546569824219e-01,-4.573025703430175781e-01,4.679283499717712402e-01,3.510203361511230469e-01,-7.589987516403198242e-01,5.855060815811157227e-01,4.293180704116821289e-01,-3.829067945480346680e-01,4.691721498966217041e-01,3.524962365627288818e-01,-6.727015376091003418e-01,5.889508128166198730e-01,4.870500266551971436e-01,-3.733511269092559814e-02,4.832212328910827637e-01,4.847957193851470947e-01,3.728872537612915039e-02,5.857502818107604980e-01,6.230384111404418945e-01,-1.348893940448760986e-01,4.663021266460418701e-01,6.301548480987548828e-01,-4.248847253620624542e-03,6.198120117187500000e-01,7.688291668891906738e-01,1.260713934898376465e-01,4.862085282802581787e-01,7.723783254623413086e-01,2.580416202545166016e-01,6.166966557502746582e-01,7.862193584442138672e-01,1.353061646223068237e-01,5.013039708137512207e-01,7.921264171600341797e-01,2.676813900470733643e-01,6.067577004432678223e-01,8.122485876083374023e-01,-1.574921905994415283e-01,4.534954428672790527e-01,8.149120211601257324e-01,-9.350560605525970459e-03
